,BLUEBOOK,TRAVTIME,INCOME,MVR_PTS,AGE,CLM_AMT
6,17430.0,46.0,125301.0,0.0,34.0,2946.0
8,18930.0,21.0,50815.0,2.0,40.0,6477.0
10,16970.0,44.0,107961.0,10.0,37.0,4021.0
11,11200.0,34.0,62978.0,0.0,34.0,2501.0
13,18300.0,15.0,77100.0,0.0,53.0,6077.0
16,28340.0,64.0,130795.0,3.0,53.0,1267.0
18,6000.0,48.0,0.0,3.0,45.0,2920.0
20,15420.0,45.0,87460.0,4.0,59.0,4111.0
24,8710.0,29.0,44077.0,0.0,28.0,6857.0
25,26560.0,52.0,37214.0,3.0,43.0,3627.0
30,11290.0,16.0,37940.0,0.0,60.0,5247.0
32,10030.0,26.0,31275.0,0.0,32.0,4486.0
36,24000.0,27.0,33212.0,5.0,54.0,4901.0
60,12230.0,20.0,16989.0,13.0,40.0,6100.0
64,10520.0,37.0,16352.0,1.0,44.0,8841.0
66,32340.0,50.0,63952.0,0.0,45.0,2117.0
67,14690.0,26.0,22510.0,0.0,34.0,1230.0
69,14220.0,24.0,24060.0,0.0,44.0,3532.0
70,6880.0,46.0,20822.0,0.0,33.0,866.0
72,2920.0,13.0,14194.0,2.0,34.0,7786.0
76,19510.0,29.0,137103.0,0.0,43.0,4148.0
85,1500.0,25.0,102393.0,2.0,45.0,2371.0
86,9170.0,57.0,40656.0,2.0,62.0,4178.0
90,9640.0,14.0,31773.0,4.0,48.0,1354.0
98,13140.0,32.0,38036.0,4.0,53.0,2425.0
108,11740.0,25.0,0.0,2.0,34.0,5711.0
115,15090.0,14.0,0.0,2.0,33.0,7838.0
118,12840.0,50.0,44705.0,0.0,47.0,5125.0
122,14620.0,23.0,31738.0,0.0,64.0,5085.0
126,7900.0,33.0,64014.0,1.0,52.0,2143.0
128,21100.0,31.0,192089.0,0.0,56.0,6484.0
134,20920.0,28.0,53244.0,1.0,26.0,4028.0
136,32690.0,34.0,126468.0,2.0,41.0,2114.0
141,5260.0,36.0,37580.0,0.0,38.0,8671.0
142,7930.0,10.0,23344.0,1.0,41.0,6287.0
146,16640.0,21.0,110386.0,2.0,41.0,3524.0
157,19750.0,52.0,76159.0,0.0,43.0,1807.0
166,13130.0,35.0,49849.0,4.0,43.0,6158.0
167,15760.0,28.0,12054.0,4.0,39.0,4887.0
169,20350.0,40.0,78936.0,0.0,60.0,5147.0
192,7690.0,37.0,33283.0,2.0,26.0,2214.0
195,13160.0,45.0,136344.0,0.0,42.0,6087.0
203,1500.0,12.0,32936.0,0.0,39.0,3894.0
205,16510.0,36.0,0.0,0.0,45.0,2659.0
212,17880.0,24.0,22181.0,5.0,62.0,3705.0
213,9930.0,36.0,84345.0,3.0,53.0,6693.0
220,10020.0,48.0,43174.0,0.0,42.0,4380.0
221,12930.0,41.0,30653.0,0.0,31.0,1826.0
227,24600.0,46.0,111268.0,2.0,45.0,4644.0
237,13850.0,31.0,25289.0,0.0,53.0,4257.0
239,14030.0,58.0,26112.0,0.0,31.0,4277.0
240,7800.0,9.0,30955.0,0.0,32.0,2832.0
254,24130.0,26.0,119382.0,0.0,59.0,2738.0
259,7200.0,5.0,8212.0,0.0,57.0,1146.0
269,21770.0,6.0,61370.0,0.0,39.0,4658.0
272,30260.0,83.0,44782.0,0.0,54.0,5259.0
278,7200.0,44.0,30085.0,3.0,45.0,3769.0
280,10510.0,29.0,46140.0,7.0,44.0,5733.0
282,22450.0,68.0,32317.0,8.0,44.0,4363.0
288,18150.0,40.0,21282.0,3.0,47.0,5523.0
289,7650.0,41.0,61521.0,8.0,64.0,7390.0
290,5300.0,75.0,105554.0,2.0,34.0,1165.0
292,23900.0,30.0,69290.0,1.0,42.0,2362.0
302,11270.0,33.0,61862.0,0.0,53.0,686.0
304,20090.0,63.0,88668.0,1.0,54.0,1065.0
305,10480.0,63.0,2657.0,2.0,50.0,5075.0
315,11750.0,45.0,68090.0,3.0,42.0,2287.0
316,6100.0,34.0,25032.0,5.0,45.0,6195.0
317,23250.0,51.0,52078.0,4.0,54.0,4862.0
322,20630.0,44.0,51544.0,8.0,25.0,9776.0
323,17020.0,5.0,75249.0,1.0,55.0,5546.0
325,22340.0,25.0,73842.0,4.0,29.0,3418.0
326,6000.0,33.0,0.0,3.0,45.0,4423.0
334,29470.0,50.0,109957.0,1.0,41.0,2328.0
339,6350.0,33.0,10486.0,4.0,38.0,4700.0
341,23470.0,26.0,33713.0,0.0,62.0,6880.0
347,5100.0,39.0,20891.0,9.0,36.0,3644.0
349,19340.0,52.0,17493.0,7.0,35.0,4758.0
351,6960.0,55.0,94325.0,2.0,45.0,4875.0
361,11480.0,31.0,60050.0,2.0,32.0,5395.0
366,6780.0,7.0,4478.0,5.0,32.0,2891.0
370,16370.0,5.0,62036.0,7.0,35.0,3149.0
371,11950.0,54.0,40528.0,6.0,64.0,3602.0
374,10210.0,6.0,52950.0,0.0,39.0,2516.0
375,9000.0,56.0,75046.0,6.0,44.0,2449.0
376,5460.0,37.0,39600.0,5.0,40.0,3259.0
384,14240.0,41.0,0.0,1.0,43.0,3085.0
386,8560.0,11.0,0.0,5.0,55.0,3593.0
388,7960.0,14.0,10617.0,2.0,54.0,458.0
390,29220.0,41.0,140766.0,1.0,46.0,6143.0
391,4100.0,10.0,0.0,5.0,26.0,4524.0
392,11510.0,45.0,46224.0,0.0,43.0,4480.0
397,12880.0,34.0,34210.0,0.0,42.0,5619.0
398,25420.0,41.0,31177.0,1.0,46.0,1766.0
411,15820.0,27.0,65702.0,3.0,51.0,2262.0
415,18850.0,13.0,99959.0,1.0,41.0,1237.0
416,15150.0,32.0,61790.0,0.0,37.0,2876.0
418,1500.0,18.0,0.0,3.0,37.0,1650.0
421,11840.0,20.0,64766.0,1.0,42.0,1796.0
424,11440.0,20.0,62426.0,0.0,37.0,4057.0
425,22720.0,38.0,40095.0,6.0,25.0,5177.0
428,7420.0,30.0,52423.0,2.0,40.0,5287.0
429,19500.0,37.0,76985.0,4.0,32.0,1444.0
434,21840.0,30.0,62215.0,3.0,54.0,3008.0
436,6400.0,63.0,37356.0,7.0,49.0,3943.0
438,8530.0,45.0,28341.0,7.0,42.0,2316.0
439,22260.0,27.0,6217.0,0.0,37.0,5363.0
441,14060.0,57.0,52275.0,3.0,48.0,5051.0
442,9360.0,67.0,40022.0,0.0,21.0,6245.0
448,16250.0,46.0,57063.0,0.0,40.0,2872.0
449,16870.0,29.0,39707.0,6.0,58.0,6101.0
461,4700.0,21.0,52469.0,1.0,32.0,1347.0
463,24410.0,42.0,106409.0,0.0,46.0,4579.0
465,11770.0,16.0,52064.0,8.0,63.0,6228.0
468,18960.0,32.0,27625.0,8.0,72.0,4997.0
474,26280.0,37.0,28326.0,2.0,36.0,8662.0
486,14360.0,19.0,26921.0,2.0,63.0,5952.0
487,7390.0,47.0,13891.0,4.0,45.0,5252.0
488,21820.0,37.0,64488.0,5.0,35.0,5440.0
493,9130.0,25.0,31675.0,6.0,33.0,7719.0
495,5560.0,35.0,66367.0,3.0,39.0,8289.0
499,14250.0,52.0,29524.0,1.0,56.0,2353.0
504,19530.0,28.0,86227.0,2.0,41.0,2289.0
519,10610.0,25.0,34116.0,1.0,57.0,5457.0
521,17470.0,21.0,94591.0,3.0,42.0,3428.0
531,10590.0,30.0,249.0,1.0,33.0,4898.0
532,7790.0,26.0,24862.0,2.0,41.0,4046.0
534,6500.0,12.0,0.0,0.0,50.0,2812.0
541,11940.0,57.0,25761.0,8.0,57.0,3782.0
542,27460.0,29.0,49224.0,0.0,42.0,3443.0
550,11880.0,24.0,40760.0,0.0,51.0,2058.0
551,20180.0,22.0,68493.0,0.0,27.0,1958.0
556,14660.0,24.0,69794.0,3.0,27.0,4313.0
557,4050.0,29.0,25544.0,0.0,33.0,1736.0
558,20170.0,32.0,85408.0,0.0,42.0,4257.0
559,16600.0,27.0,3865.0,0.0,55.0,3492.0
560,6500.0,8.0,94589.0,2.0,50.0,1413.0
567,28960.0,39.0,50537.0,2.0,40.0,1036.0
568,8030.0,5.0,65298.0,5.0,54.0,3722.0
573,9210.0,22.0,50139.0,3.0,27.0,1842.0
575,25250.0,52.0,92543.0,4.0,47.0,8798.0
583,11250.0,44.0,53895.0,0.0,37.0,5636.0
585,5800.0,56.0,60973.0,1.0,43.0,3414.0
587,21660.0,13.0,85731.0,1.0,36.0,7161.0
591,23280.0,36.0,14166.0,3.0,42.0,5717.0
595,7740.0,48.0,0.0,7.0,31.0,4306.0
597,5100.0,28.0,0.0,1.0,36.0,1813.0
604,9240.0,29.0,0.0,5.0,57.0,2463.0
605,1500.0,31.0,91221.0,2.0,47.0,465.0
607,22620.0,21.0,146338.0,3.0,44.0,5016.0
614,10920.0,27.0,47235.0,2.0,47.0,3354.0
618,7030.0,27.0,7302.0,3.0,48.0,5911.0
621,5100.0,34.0,79457.0,1.0,36.0,1368.0
622,14000.0,23.0,37991.0,2.0,58.0,3998.0
632,21740.0,15.0,133335.0,6.0,37.0,3854.0
633,7200.0,42.0,3272.0,2.0,58.0,3231.0
635,17680.0,41.0,58833.0,2.0,38.0,4611.0
644,9100.0,41.0,63890.0,0.0,72.0,917.0
647,23600.0,23.0,5253.0,0.0,40.0,9162.0
655,9270.0,27.0,200772.0,0.0,57.0,4846.0
657,5430.0,5.0,108744.0,0.0,53.0,6409.0
660,34640.0,48.0,48374.0,0.0,44.0,3844.0
671,19300.0,61.0,48587.0,3.0,53.0,5951.0
685,5100.0,20.0,204373.0,0.0,36.0,2705.0
689,10940.0,28.0,39405.0,1.0,55.0,4423.0
691,33330.0,40.0,155410.0,4.0,59.0,5363.0
693,16620.0,7.0,57933.0,0.0,46.0,9893.0
695,3900.0,34.0,94566.0,2.0,24.0,5495.0
697,10450.0,18.0,26875.0,8.0,48.0,4194.0
698,25910.0,34.0,99269.0,1.0,42.0,5061.0
707,8150.0,20.0,18483.0,3.0,21.0,3038.0
708,12360.0,14.0,58628.0,0.0,50.0,1030.0
716,8840.0,61.0,8213.0,6.0,59.0,5109.0
719,4500.0,33.0,75891.0,1.0,30.0,2424.0
729,14170.0,38.0,22938.0,0.0,38.0,5862.0
736,6380.0,44.0,16118.0,4.0,32.0,3960.0
743,18870.0,23.0,50331.0,7.0,41.0,1226.0
746,8830.0,5.0,14822.0,9.0,26.0,3435.0
756,6650.0,42.0,51513.0,4.0,51.0,2838.0
757,2680.0,62.0,0.0,0.0,36.0,4402.0
761,15810.0,52.0,55742.0,2.0,54.0,5722.0
763,15040.0,39.0,81438.0,0.0,54.0,6220.0
766,10520.0,47.0,69282.0,0.0,58.0,3879.0
767,6480.0,42.0,36230.0,1.0,42.0,2962.0
774,8130.0,30.0,42667.0,3.0,32.0,4405.0
777,12870.0,37.0,71686.0,2.0,42.0,5378.0
784,22680.0,33.0,69641.0,2.0,33.0,2044.0
791,4500.0,27.0,13410.0,2.0,28.0,835.0
793,5600.0,25.0,200928.0,2.0,42.0,2931.0
796,5850.0,5.0,13490.0,1.0,30.0,4578.0
798,14010.0,24.0,92060.0,0.0,33.0,2982.0
817,22470.0,24.0,27281.0,1.0,57.0,6331.0
821,9160.0,20.0,87719.0,2.0,50.0,9270.0
823,8730.0,46.0,32265.0,7.0,40.0,5040.0
832,12160.0,48.0,44320.0,7.0,56.0,4539.0
835,8050.0,30.0,7452.0,0.0,58.0,2011.0
837,5730.0,37.0,73694.0,0.0,42.0,2408.0
839,10480.0,5.0,44786.0,2.0,45.0,2697.0
840,23880.0,36.0,182782.0,5.0,41.0,2233.0
841,7100.0,28.0,56014.0,0.0,39.0,6098.0
845,10320.0,47.0,94675.0,3.0,28.0,4214.0
852,9180.0,36.0,0.0,8.0,57.0,5835.0
853,24010.0,30.0,96613.0,3.0,40.0,1418.0
861,6800.0,54.0,27045.0,4.0,53.0,2439.0
862,37310.0,42.0,75984.0,1.0,48.0,1062.0
867,25280.0,19.0,57890.0,2.0,38.0,3338.0
870,8540.0,30.0,26377.0,3.0,44.0,4312.0
872,2190.0,38.0,6862.0,4.0,24.0,2569.0
901,17600.0,25.0,116018.0,2.0,45.0,4011.0
909,8300.0,43.0,28916.0,4.0,42.0,8809.0
912,7240.0,38.0,23439.0,1.0,34.0,7551.0
917,27520.0,23.0,105563.0,0.0,41.0,3771.0
923,6500.0,37.0,0.0,0.0,50.0,2668.0
924,14070.0,25.0,23921.0,2.0,43.0,4488.0
925,16090.0,29.0,112943.0,0.0,33.0,6868.0
926,20010.0,48.0,36365.0,3.0,45.0,5811.0
927,13840.0,34.0,35990.0,3.0,36.0,890.0
932,20870.0,40.0,99325.0,3.0,35.0,6755.0
941,36390.0,38.0,215536.0,1.0,43.0,5455.0
942,36690.0,42.0,180783.0,1.0,50.0,6849.0
948,14980.0,34.0,71263.0,0.0,38.0,1909.0
950,29960.0,15.0,109631.0,0.0,36.0,7443.0
952,5370.0,50.0,8746.0,6.0,35.0,962.0
958,6400.0,52.0,0.0,5.0,49.0,4439.0
962,12520.0,61.0,74385.0,7.0,55.0,2203.0
974,13890.0,45.0,37958.0,0.0,40.0,2303.0
976,4800.0,49.0,13812.0,0.0,33.0,5181.0
986,5600.0,50.0,18939.0,1.0,41.0,2553.0
990,10120.0,28.0,0.0,1.0,32.0,2398.0
993,6300.0,29.0,30377.0,0.0,48.0,5600.0
1002,26520.0,43.0,106722.0,0.0,30.0,3282.0
1003,26710.0,43.0,12284.0,0.0,43.0,3337.0
1012,25750.0,51.0,44661.0,3.0,42.0,3753.0
1014,6520.0,53.0,27239.0,5.0,23.0,2804.0
1024,22150.0,26.0,42891.0,0.0,42.0,2088.0
1025,12410.0,42.0,66101.0,0.0,43.0,2479.0
1029,17370.0,40.0,28726.0,0.0,26.0,4544.0
1030,12770.0,24.0,112687.0,0.0,30.0,9863.0
1032,1500.0,12.0,50726.0,0.0,52.0,3971.0
1039,13450.0,51.0,63535.0,1.0,56.0,2160.0
1044,20590.0,40.0,216985.0,5.0,57.0,1645.0
1051,30580.0,49.0,103555.0,0.0,58.0,6418.0
1055,5540.0,24.0,40408.0,1.0,48.0,4456.0
1064,12860.0,28.0,35053.0,1.0,31.0,3920.0
1067,11750.0,30.0,0.0,3.0,51.0,4025.0
1071,6200.0,36.0,68602.0,2.0,47.0,5103.0
1086,6720.0,16.0,0.0,0.0,51.0,7836.0
1089,10750.0,9.0,52475.0,3.0,40.0,6879.0
1091,11810.0,41.0,103109.0,0.0,62.0,3288.0
1095,14500.0,35.0,0.0,6.0,45.0,3521.0
1101,2330.0,13.0,8276.0,4.0,35.0,4021.0
1117,9480.0,29.0,58453.0,1.0,42.0,2327.0
1123,4500.0,21.0,0.0,0.0,30.0,3755.0
1133,18130.0,13.0,68171.0,2.0,42.0,4348.0
1137,5000.0,21.0,0.0,0.0,35.0,5297.0
1140,6720.0,12.0,0.0,5.0,29.0,4699.0
1141,8850.0,27.0,24513.0,1.0,49.0,6606.0
1144,23630.0,35.0,0.0,2.0,56.0,4799.0
1156,8620.0,38.0,32188.0,4.0,39.0,3349.0
1161,10440.0,37.0,49120.0,0.0,42.0,3244.0
1162,22690.0,61.0,59197.0,3.0,45.0,3581.0
1166,14610.0,40.0,92117.0,0.0,39.0,2441.0
1174,8700.0,30.0,55242.0,0.0,37.0,6250.0
1177,20990.0,58.0,80023.0,5.0,53.0,3408.0
1184,9910.0,46.0,28088.0,3.0,56.0,4814.0
1191,5850.0,13.0,10032.0,0.0,28.0,5657.0
1192,21160.0,40.0,49978.0,2.0,40.0,4191.0
1196,21880.0,32.0,109210.0,6.0,59.0,4815.0
1197,15080.0,43.0,38141.0,5.0,59.0,5501.0
1199,8590.0,31.0,9902.0,4.0,61.0,3048.0
1201,8930.0,11.0,45299.0,4.0,29.0,1502.0
1203,11230.0,9.0,49251.0,0.0,48.0,6452.0
1205,4340.0,52.0,28430.0,4.0,32.0,2777.0
1207,8510.0,30.0,31131.0,5.0,39.0,4678.0
1210,23740.0,27.0,98918.0,1.0,35.0,4621.0
1212,9170.0,25.0,26748.0,1.0,50.0,3843.0
1213,5330.0,24.0,38307.0,10.0,34.0,3730.0
1214,15670.0,34.0,88632.0,2.0,46.0,4034.0
1215,10970.0,42.0,45689.0,0.0,49.0,1133.0
1224,10320.0,22.0,146202.0,0.0,58.0,2891.0
1229,17960.0,29.0,46781.0,5.0,44.0,3411.0
1230,10600.0,37.0,0.0,1.0,54.0,4209.0
1238,14580.0,48.0,101767.0,1.0,29.0,6027.0
1245,3230.0,49.0,61265.0,2.0,58.0,3295.0
1249,23450.0,65.0,28395.0,2.0,33.0,3668.0
1252,11800.0,32.0,22860.0,1.0,45.0,4895.0
1256,5400.0,18.0,69464.0,4.0,39.0,1029.0
1261,7760.0,47.0,20586.0,0.0,42.0,5142.0
1269,34260.0,5.0,53660.0,4.0,44.0,648.0
1280,18930.0,50.0,28830.0,5.0,39.0,4754.0
1284,5080.0,26.0,11666.0,4.0,23.0,540.0
1296,1500.0,15.0,48317.0,1.0,31.0,4123.0
1299,5260.0,56.0,0.0,0.0,40.0,4809.0
1302,14160.0,40.0,71101.0,6.0,58.0,4610.0
1304,18990.0,40.0,46624.0,0.0,54.0,3850.0
1309,37180.0,37.0,95502.0,0.0,37.0,1166.0
1312,1500.0,39.0,54310.0,5.0,29.0,5520.0
1313,11160.0,38.0,81246.0,0.0,51.0,7463.0
1316,7650.0,52.0,63027.0,0.0,54.0,3897.0
1318,9960.0,36.0,4319.0,3.0,37.0,4155.0
1321,18810.0,32.0,24628.0,3.0,39.0,6653.0
1324,13150.0,26.0,22348.0,0.0,39.0,4209.0
1329,4790.0,23.0,6657.0,4.0,58.0,3626.0
1330,19700.0,31.0,72167.0,7.0,35.0,3332.0
1334,9150.0,44.0,73655.0,5.0,26.0,3760.0
1340,20750.0,41.0,58833.0,6.0,38.0,2856.0
1344,11700.0,22.0,10678.0,8.0,30.0,3242.0
1346,1500.0,38.0,13003.0,4.0,24.0,1397.0
1348,19810.0,15.0,145073.0,0.0,38.0,7692.0
1350,14790.0,30.0,21400.0,5.0,32.0,4007.0
1351,22010.0,38.0,4344.0,5.0,40.0,2193.0
1354,3800.0,46.0,5442.0,6.0,22.0,1749.0
1355,10650.0,53.0,53532.0,4.0,38.0,4617.0
1358,7910.0,5.0,37130.0,1.0,27.0,4021.0
1368,16880.0,29.0,55138.0,0.0,41.0,3762.0
1371,26900.0,26.0,114830.0,0.0,57.0,5951.0
1374,8000.0,24.0,0.0,0.0,65.0,1758.0
1378,12970.0,24.0,57607.0,5.0,47.0,4289.0
1380,13700.0,63.0,31052.0,2.0,34.0,5884.0
1382,19990.0,35.0,65979.0,0.0,51.0,1669.0
1387,5100.0,54.0,39400.0,0.0,36.0,2034.0
1388,7070.0,26.0,0.0,1.0,37.0,2753.0
1391,23060.0,23.0,0.0,0.0,47.0,4868.0
1392,7200.0,23.0,41645.0,0.0,57.0,4389.0
1395,21620.0,38.0,102604.0,2.0,37.0,4451.0
1397,11340.0,14.0,22481.0,0.0,65.0,4699.0
1401,6700.0,34.0,64531.0,2.0,52.0,4419.0
1404,6700.0,56.0,81849.0,6.0,52.0,5497.0
1405,14130.0,64.0,89343.0,0.0,37.0,3643.0
1414,23040.0,51.0,59972.0,3.0,34.0,931.0
1419,22310.0,47.0,12339.0,5.0,40.0,7406.0
1425,5850.0,17.0,0.0,6.0,38.0,3333.0
1427,16200.0,29.0,26413.0,1.0,29.0,8484.0
1429,11100.0,69.0,34033.0,7.0,62.0,8162.0
1430,7500.0,32.0,22036.0,2.0,38.0,5629.0
1433,6640.0,50.0,23427.0,6.0,28.0,4026.0
1440,11630.0,53.0,0.0,6.0,35.0,4027.0
1453,7810.0,34.0,0.0,5.0,33.0,3440.0
1461,7160.0,34.0,16575.0,2.0,40.0,6111.0
1466,32270.0,50.0,67263.0,0.0,45.0,1335.0
1483,6700.0,51.0,77351.0,6.0,52.0,1070.0
1485,9400.0,27.0,18523.0,2.0,41.0,4277.0
1487,19830.0,40.0,52485.0,3.0,49.0,6431.0
1490,17760.0,32.0,65651.0,0.0,31.0,7035.0
1491,5700.0,13.0,0.0,5.0,42.0,5110.0
1494,10650.0,50.0,81524.0,0.0,54.0,5485.0
1496,5800.0,44.0,0.0,3.0,43.0,1438.0
1498,9480.0,38.0,46780.0,5.0,33.0,9623.0
1499,5390.0,49.0,38924.0,1.0,56.0,2505.0
1504,14850.0,29.0,65779.0,4.0,43.0,4415.0
1505,12370.0,26.0,0.0,1.0,36.0,6673.0
1508,9470.0,45.0,13349.0,3.0,43.0,6761.0
1512,9600.0,49.0,43036.0,0.0,38.0,4368.0
1517,12380.0,25.0,0.0,0.0,53.0,3084.0
1526,7770.0,27.0,0.0,6.0,43.0,1043.0
1528,17710.0,72.0,2970.0,5.0,40.0,5900.0
1529,19030.0,26.0,41801.0,6.0,61.0,3343.0
1532,17850.0,5.0,20220.0,9.0,24.0,5017.0
1534,14350.0,43.0,28390.0,2.0,61.0,1793.0
1538,21340.0,26.0,0.0,1.0,40.0,9470.0
1544,15640.0,37.0,57417.0,0.0,28.0,5802.0
1547,17760.0,33.0,45368.0,0.0,67.0,2464.0
1549,8330.0,14.0,8250.0,2.0,60.0,6057.0
1553,13520.0,63.0,0.0,2.0,22.0,5637.0
1556,9360.0,42.0,39619.0,3.0,39.0,1482.0
1562,12460.0,47.0,44431.0,1.0,40.0,3254.0
1576,8390.0,23.0,20926.0,0.0,36.0,6086.0
1585,18610.0,54.0,58008.0,0.0,42.0,4197.0
1588,28170.0,57.0,65775.0,4.0,61.0,5372.0
1591,11690.0,29.0,53878.0,7.0,48.0,5132.0
1592,8980.0,26.0,82068.0,0.0,44.0,664.0
1600,12030.0,32.0,70274.0,0.0,35.0,6686.0
1601,12180.0,24.0,21119.0,4.0,38.0,3931.0
1608,5730.0,21.0,2289.0,2.0,40.0,2593.0
1614,7000.0,25.0,123288.0,1.0,58.0,1442.0
1616,15870.0,34.0,76847.0,2.0,34.0,2908.0
1617,1500.0,56.0,31456.0,3.0,47.0,2967.0
1628,15330.0,38.0,25871.0,6.0,47.0,1026.0
1634,11270.0,49.0,27039.0,5.0,44.0,1342.0
1636,24730.0,50.0,110873.0,0.0,36.0,5967.0
1647,9830.0,38.0,31138.0,5.0,39.0,4344.0
1649,6920.0,53.0,13337.0,0.0,38.0,5292.0
1652,11290.0,32.0,75165.0,1.0,35.0,4943.0
1656,31390.0,44.0,118971.0,0.0,36.0,5295.0
1664,6900.0,28.0,0.0,4.0,54.0,7940.0
1669,15320.0,39.0,44940.0,2.0,56.0,1914.0
1671,5700.0,45.0,85819.0,1.0,42.0,1107.0
1672,22550.0,14.0,5367.0,10.0,23.0,2161.0
1673,5800.0,50.0,10518.0,1.0,28.0,2820.0
1676,9750.0,42.0,0.0,2.0,28.0,909.0
1683,33220.0,35.0,51060.0,2.0,57.0,5084.0
1689,20950.0,29.0,43083.0,9.0,27.0,9824.0
1690,11740.0,70.0,109732.0,3.0,37.0,4716.0
1692,6500.0,14.0,41447.0,0.0,50.0,4805.0
1697,24950.0,36.0,55230.0,7.0,50.0,6535.0
1698,19190.0,62.0,129926.0,2.0,47.0,2840.0
1702,5100.0,45.0,26587.0,5.0,36.0,464.0
1703,12510.0,47.0,79957.0,0.0,34.0,1842.0
1712,14160.0,26.0,17028.0,0.0,38.0,5905.0
1713,21720.0,45.0,44108.0,2.0,57.0,3609.0
1719,6610.0,30.0,63433.0,1.0,39.0,2729.0
1724,14580.0,87.0,71309.0,3.0,39.0,1357.0
1729,14840.0,39.0,0.0,1.0,42.0,6836.0
1730,1530.0,58.0,278.0,5.0,56.0,5138.0
1731,9750.0,15.0,50522.0,6.0,32.0,2474.0
1733,20730.0,42.0,21063.0,1.0,47.0,3366.0
1735,18120.0,39.0,9699.0,3.0,34.0,5316.0
1738,22200.0,41.0,40339.0,3.0,36.0,4347.0
1746,25020.0,28.0,0.0,7.0,54.0,8702.0
1749,9250.0,39.0,77719.0,0.0,33.0,4589.0
1757,15720.0,45.0,82171.0,0.0,60.0,4531.0
1759,7270.0,24.0,57712.0,1.0,43.0,1432.0
1763,4700.0,28.0,0.0,0.0,32.0,4995.0
1764,16920.0,34.0,0.0,4.0,45.0,2189.0
1765,19410.0,24.0,59927.0,0.0,46.0,6796.0
1770,11590.0,38.0,43654.0,0.0,51.0,3405.0
1772,6820.0,33.0,16238.0,0.0,37.0,1498.0
1774,30050.0,46.0,15889.0,1.0,38.0,7919.0
1780,13270.0,43.0,72702.0,5.0,45.0,1680.0
1782,12620.0,45.0,68063.0,3.0,62.0,4252.0
1792,6100.0,29.0,0.0,0.0,46.0,8374.0
1799,31080.0,18.0,131449.0,4.0,40.0,3361.0
1803,6580.0,50.0,7163.0,1.0,35.0,2081.0
1805,20660.0,29.0,79594.0,5.0,39.0,7803.0
1813,23360.0,31.0,32607.0,0.0,60.0,5069.0
1822,10980.0,29.0,52792.0,0.0,42.0,3865.0
1823,19090.0,21.0,137897.0,8.0,38.0,5603.0
1825,27590.0,33.0,132280.0,0.0,52.0,6597.0
1826,7850.0,33.0,30504.0,0.0,33.0,5970.0
1832,9250.0,9.0,17352.0,0.0,25.0,1133.0
1834,15940.0,27.0,39327.0,0.0,45.0,2960.0
1836,22070.0,29.0,108059.0,2.0,40.0,3997.0
1837,12670.0,5.0,58691.0,3.0,53.0,4521.0
1838,19310.0,32.0,78083.0,0.0,50.0,4805.0
1842,33960.0,5.0,40983.0,7.0,36.0,316.0
1849,13660.0,35.0,75614.0,3.0,46.0,3858.0
1862,35990.0,59.0,46570.0,0.0,51.0,1465.0
1870,27620.0,22.0,53914.0,0.0,34.0,2199.0
1875,4400.0,45.0,0.0,1.0,27.0,3172.0
1888,21760.0,25.0,58248.0,4.0,30.0,4206.0
1892,23690.0,42.0,26127.0,8.0,35.0,1069.0
1895,15250.0,25.0,43651.0,4.0,46.0,8331.0
1896,7300.0,9.0,0.0,4.0,58.0,5141.0
1900,13330.0,43.0,69512.0,2.0,30.0,4711.0
1910,29170.0,27.0,60854.0,4.0,38.0,4541.0
1913,12450.0,43.0,0.0,1.0,41.0,5101.0
1914,7920.0,34.0,40245.0,9.0,24.0,1479.0
1915,5200.0,44.0,69530.0,4.0,38.0,5015.0
1916,17200.0,49.0,54208.0,4.0,34.0,1682.0
1917,16000.0,5.0,45298.0,0.0,41.0,4111.0
1928,6900.0,49.0,0.0,0.0,54.0,2664.0
1929,7300.0,9.0,0.0,0.0,58.0,4383.0
1934,13810.0,32.0,22470.0,9.0,50.0,6990.0
1935,12820.0,49.0,50049.0,0.0,51.0,7055.0
1937,15950.0,36.0,57583.0,1.0,32.0,1102.0
1946,2270.0,49.0,7680.0,5.0,45.0,3440.0
1947,4200.0,18.0,40202.0,2.0,27.0,5175.0
1951,7110.0,20.0,49533.0,0.0,43.0,2850.0
1955,12560.0,45.0,69638.0,0.0,41.0,3193.0
1962,12700.0,27.0,34928.0,0.0,50.0,3764.0
1963,5020.0,32.0,11215.0,8.0,24.0,3310.0
1966,6390.0,5.0,20852.0,3.0,28.0,4704.0
1974,18640.0,49.0,38460.0,0.0,28.0,845.0
1975,5200.0,32.0,48737.0,6.0,37.0,5297.0
1982,1500.0,33.0,8191.0,2.0,58.0,2719.0
1985,17130.0,37.0,91347.0,0.0,45.0,1911.0
1989,24060.0,22.0,34760.0,5.0,42.0,3143.0
1990,27140.0,31.0,42797.0,1.0,37.0,3348.0
1991,15820.0,26.0,14024.0,2.0,37.0,9467.0
1992,6720.0,20.0,18211.0,3.0,34.0,1729.0
1995,8800.0,5.0,47996.0,3.0,25.0,2912.0
2002,21690.0,57.0,95166.0,6.0,41.0,3107.0
2005,2690.0,10.0,40355.0,0.0,56.0,159.0
2008,17100.0,6.0,54710.0,2.0,60.0,1200.0
2010,9240.0,5.0,29310.0,1.0,40.0,920.0
2014,1500.0,14.0,0.0,1.0,57.0,3235.0
2018,6430.0,52.0,0.0,6.0,47.0,3027.0
2026,5600.0,10.0,10666.0,2.0,39.0,3766.0
2028,8660.0,20.0,0.0,1.0,44.0,1493.0
2032,5300.0,22.0,57684.0,0.0,38.0,8714.0
2035,4270.0,33.0,0.0,5.0,51.0,1488.0
2037,10800.0,21.0,18632.0,3.0,22.0,6407.0
2040,5840.0,39.0,6398.0,4.0,37.0,378.0
2041,6960.0,45.0,54289.0,0.0,41.0,3424.0
2042,13140.0,39.0,30804.0,6.0,39.0,3731.0
2044,11640.0,14.0,37380.0,0.0,64.0,3504.0
2046,7880.0,37.0,28777.0,5.0,35.0,2531.0
2054,14180.0,61.0,56111.0,1.0,56.0,7042.0
2058,12400.0,46.0,72019.0,8.0,37.0,5492.0
2061,17500.0,61.0,18282.0,0.0,51.0,2098.0
2062,12730.0,31.0,71303.0,2.0,41.0,2275.0
2063,1500.0,40.0,20443.0,6.0,66.0,616.0
2073,13220.0,25.0,61618.0,4.0,41.0,5320.0
2075,13290.0,43.0,43539.0,7.0,52.0,4312.0
2082,9170.0,45.0,29250.0,8.0,35.0,4127.0
2084,7960.0,38.0,20950.0,0.0,35.0,7939.0
2087,24690.0,21.0,29161.0,0.0,33.0,5359.0
2091,7640.0,48.0,34368.0,2.0,32.0,6879.0
2093,19210.0,37.0,61159.0,9.0,59.0,2052.0
2101,19120.0,51.0,33056.0,0.0,44.0,5818.0
2102,27710.0,42.0,36332.0,6.0,52.0,4369.0
2105,6300.0,40.0,38027.0,5.0,47.0,1691.0
2107,5080.0,32.0,0.0,2.0,30.0,3274.0
2112,6080.0,44.0,13847.0,0.0,32.0,3559.0
2113,10710.0,36.0,25647.0,2.0,35.0,7123.0
2119,12610.0,33.0,65075.0,5.0,46.0,7135.0
2120,7100.0,42.0,0.0,6.0,56.0,6524.0
2125,7960.0,24.0,64563.0,0.0,37.0,1290.0
2127,9800.0,27.0,21670.0,6.0,42.0,3633.0
2129,17380.0,56.0,32589.0,0.0,49.0,4266.0
2130,5300.0,60.0,0.0,0.0,38.0,1875.0
2132,19900.0,45.0,8408.0,3.0,27.0,4739.0
2144,15340.0,53.0,71667.0,0.0,46.0,2786.0
2146,11940.0,40.0,74246.0,2.0,37.0,313.0
2153,4900.0,57.0,113195.0,0.0,34.0,4975.0
2155,14920.0,23.0,80227.0,2.0,54.0,9540.0
2161,14080.0,16.0,53899.0,1.0,40.0,3261.0
2163,5300.0,42.0,26006.0,0.0,38.0,2855.0
2166,4900.0,39.0,30863.0,1.0,33.0,7088.0
2182,3560.0,19.0,20638.0,0.0,44.0,3369.0
2185,5500.0,44.0,9968.0,4.0,39.0,5816.0
2203,17330.0,40.0,25505.0,1.0,40.0,5493.0
2205,11590.0,27.0,30324.0,5.0,40.0,3000.0
2208,1950.0,50.0,4480.0,4.0,42.0,3044.0
2215,9730.0,63.0,33791.0,5.0,54.0,4147.0
2220,16050.0,43.0,63799.0,3.0,50.0,5459.0
2221,25010.0,34.0,16108.0,0.0,41.0,6123.0
2223,27330.0,33.0,77104.0,0.0,43.0,3925.0
2227,12610.0,73.0,35678.0,0.0,46.0,3570.0
2228,11580.0,31.0,100769.0,4.0,57.0,4373.0
2231,15100.0,41.0,51605.0,5.0,51.0,2950.0
2233,9290.0,44.0,77889.0,0.0,39.0,706.0
2240,16210.0,42.0,63969.0,11.0,59.0,5275.0
2241,7920.0,38.0,0.0,3.0,45.0,5641.0
2245,20800.0,48.0,39645.0,0.0,41.0,1338.0
2256,10560.0,46.0,151225.0,3.0,60.0,2907.0
2259,7100.0,37.0,20986.0,2.0,35.0,2934.0
2262,3860.0,49.0,69434.0,0.0,36.0,5118.0
2272,11680.0,37.0,59800.0,5.0,42.0,5039.0
2275,11640.0,5.0,3005.0,0.0,60.0,2166.0
2278,4500.0,46.0,0.0,1.0,30.0,707.0
2280,13920.0,69.0,68194.0,2.0,50.0,774.0
2281,10650.0,47.0,91450.0,3.0,37.0,6332.0
2285,21460.0,47.0,56582.0,1.0,52.0,3554.0
2289,5600.0,41.0,63989.0,0.0,41.0,3388.0
2293,19400.0,50.0,141969.0,3.0,37.0,5146.0
2295,4500.0,25.0,0.0,3.0,30.0,2668.0
2302,6600.0,22.0,175219.0,0.0,51.0,5349.0
2303,1500.0,55.0,51969.0,0.0,36.0,2532.0
2308,12080.0,27.0,31205.0,0.0,53.0,5667.0
2310,13440.0,35.0,0.0,8.0,36.0,5836.0
2311,12910.0,52.0,68126.0,3.0,46.0,3036.0
2315,4100.0,42.0,0.0,6.0,26.0,3110.0
2317,25920.0,36.0,47456.0,0.0,40.0,1453.0
2320,5410.0,34.0,39144.0,5.0,32.0,1900.0
2333,19950.0,46.0,22626.0,7.0,39.0,5443.0
2334,25510.0,33.0,199866.0,1.0,43.0,4847.0
2347,5490.0,61.0,58991.0,0.0,34.0,7485.0
2351,29330.0,18.0,141546.0,4.0,51.0,1347.0
2353,1500.0,23.0,47797.0,4.0,35.0,3034.0
2354,10700.0,49.0,49021.0,2.0,43.0,4271.0
2362,16720.0,48.0,12824.0,8.0,53.0,6685.0
2367,11020.0,26.0,0.0,1.0,54.0,1037.0
2369,12050.0,33.0,69546.0,1.0,36.0,6386.0
2370,22070.0,42.0,33447.0,0.0,36.0,1990.0
2371,9640.0,19.0,27354.0,2.0,54.0,6208.0
2378,25250.0,50.0,19779.0,2.0,47.0,4903.0
2392,8560.0,31.0,60847.0,5.0,36.0,4296.0
2393,11170.0,45.0,57744.0,3.0,39.0,2777.0
2394,6700.0,38.0,5.0,0.0,52.0,4298.0
2397,15110.0,57.0,79053.0,6.0,57.0,2536.0
2398,28090.0,26.0,48762.0,4.0,41.0,1009.0
2399,7020.0,21.0,102052.0,1.0,39.0,5723.0
2401,15600.0,43.0,71119.0,5.0,45.0,2446.0
2404,19920.0,70.0,146881.0,0.0,51.0,338.0
2407,12340.0,34.0,57410.0,3.0,51.0,2257.0
2410,6830.0,46.0,53293.0,0.0,41.0,2774.0
2416,4200.0,24.0,989.0,3.0,26.0,3997.0
2417,6480.0,25.0,7804.0,2.0,42.0,8496.0
2430,1500.0,53.0,0.0,5.0,41.0,292.0
2440,5300.0,22.0,0.0,8.0,38.0,9388.0
2441,10310.0,24.0,37098.0,2.0,51.0,785.0
2443,4780.0,40.0,11425.0,2.0,31.0,4229.0
2452,10360.0,45.0,42621.0,0.0,46.0,5120.0
2455,28870.0,12.0,147647.0,3.0,40.0,6767.0
2460,6840.0,9.0,24365.0,2.0,29.0,6464.0
2464,23100.0,39.0,53073.0,5.0,43.0,6515.0
2476,22010.0,34.0,71379.0,3.0,35.0,3840.0
2477,10260.0,32.0,37414.0,9.0,49.0,2527.0
2486,19050.0,31.0,83803.0,2.0,43.0,6879.0
2494,9780.0,36.0,26114.0,0.0,51.0,3291.0
2497,12930.0,9.0,63215.0,5.0,44.0,6170.0
2498,5060.0,29.0,35586.0,5.0,42.0,4236.0
2499,9990.0,30.0,14461.0,2.0,27.0,8107.0
2510,22300.0,37.0,29251.0,0.0,37.0,3514.0
2513,27420.0,9.0,102339.0,8.0,60.0,5342.0
2514,10060.0,43.0,26412.0,5.0,46.0,5488.0
2519,9840.0,33.0,83419.0,3.0,37.0,5027.0
2532,5700.0,6.0,80130.0,9.0,42.0,3674.0
2539,17020.0,27.0,98572.0,7.0,46.0,3180.0
2540,15500.0,22.0,80183.0,7.0,37.0,3439.0
2543,3700.0,22.0,0.0,0.0,22.0,5430.0
2546,7500.0,30.0,0.0,4.0,60.0,3736.0
2553,10770.0,22.0,43676.0,3.0,49.0,3140.0
2554,13670.0,25.0,27370.0,3.0,36.0,4482.0
2556,14860.0,22.0,45110.0,0.0,64.0,4278.0
2558,9950.0,48.0,43488.0,4.0,41.0,5576.0
2560,24310.0,43.0,69496.0,0.0,47.0,243.0
2571,16550.0,51.0,51221.0,1.0,45.0,2610.0
2573,1500.0,22.0,6622.0,0.0,32.0,5692.0
2577,27660.0,76.0,96057.0,2.0,49.0,4246.0
2592,7900.0,65.0,40188.0,0.0,64.0,6316.0
2594,6500.0,41.0,27783.0,1.0,50.0,3124.0
2601,24860.0,33.0,104346.0,3.0,51.0,2235.0
2602,15220.0,29.0,96166.0,1.0,41.0,1187.0
2605,11880.0,49.0,47847.0,4.0,56.0,295.0
2606,19680.0,43.0,102765.0,0.0,45.0,1283.0
2607,17360.0,9.0,38453.0,8.0,31.0,4550.0
2617,21420.0,14.0,59233.0,1.0,47.0,4719.0
2618,19330.0,5.0,91924.0,3.0,53.0,3611.0
2619,14690.0,31.0,66817.0,0.0,48.0,4849.0
2620,17000.0,64.0,50009.0,3.0,42.0,7084.0
2624,7310.0,26.0,37388.0,4.0,52.0,1131.0
2629,18090.0,43.0,61696.0,1.0,45.0,4361.0
2630,20330.0,48.0,70851.0,0.0,38.0,596.0
2631,20050.0,43.0,132536.0,0.0,53.0,7990.0
2640,14070.0,33.0,22252.0,1.0,27.0,4446.0
2642,17680.0,36.0,118277.0,1.0,48.0,2115.0
2644,11510.0,50.0,30631.0,5.0,40.0,3007.0
2647,20770.0,22.0,93709.0,0.0,51.0,3725.0
2663,17850.0,40.0,28617.0,5.0,57.0,2551.0
2665,4900.0,34.0,48793.0,0.0,38.0,1206.0
2670,4000.0,10.0,26906.0,8.0,25.0,3748.0
2679,4600.0,47.0,30348.0,4.0,31.0,4125.0
2681,14500.0,57.0,72306.0,0.0,50.0,4519.0
2687,30790.0,46.0,90886.0,1.0,36.0,1760.0
2688,3030.0,20.0,7356.0,0.0,52.0,4370.0
2689,11180.0,20.0,71869.0,7.0,46.0,3993.0
2695,18880.0,23.0,72537.0,3.0,53.0,6804.0
2698,16400.0,24.0,58158.0,0.0,43.0,2660.0
2703,5400.0,44.0,36143.0,0.0,39.0,8843.0
2704,10510.0,22.0,0.0,9.0,34.0,2091.0
2713,8470.0,33.0,58310.0,2.0,35.0,2186.0
2727,5900.0,27.0,0.0,2.0,44.0,4267.0
2730,4900.0,38.0,42025.0,0.0,34.0,2635.0
2742,8510.0,41.0,24139.0,4.0,46.0,3501.0
2751,15820.0,27.0,36141.0,0.0,39.0,4056.0
2753,11120.0,36.0,40363.0,2.0,47.0,3846.0
2756,16800.0,21.0,61749.0,2.0,38.0,6787.0
2758,6080.0,27.0,45819.0,4.0,48.0,4715.0
2759,16780.0,46.0,33274.0,7.0,36.0,810.0
2761,20410.0,52.0,27917.0,3.0,58.0,3776.0
2764,19470.0,15.0,0.0,2.0,39.0,2597.0
2766,12900.0,46.0,35738.0,1.0,37.0,4052.0
2778,20040.0,37.0,57379.0,2.0,42.0,6932.0
2781,8640.0,49.0,37364.0,1.0,34.0,3066.0
2786,23000.0,44.0,128329.0,6.0,49.0,5453.0
2787,1720.0,51.0,2226.0,3.0,26.0,3581.0
2789,12850.0,39.0,51624.0,4.0,46.0,2843.0
2794,3770.0,28.0,27957.0,2.0,27.0,9117.0
2802,9150.0,47.0,108776.0,1.0,47.0,6027.0
2807,9580.0,38.0,16082.0,0.0,45.0,1379.0
2816,25700.0,55.0,21589.0,1.0,41.0,5525.0
2822,9350.0,9.0,60314.0,2.0,41.0,5745.0
2838,2480.0,50.0,9750.0,3.0,58.0,5185.0
2841,9710.0,21.0,37793.0,2.0,33.0,3161.0
2843,8530.0,56.0,34329.0,2.0,36.0,5013.0
2848,7410.0,44.0,33570.0,4.0,39.0,2519.0
2849,22160.0,32.0,95102.0,7.0,37.0,5150.0
2855,4100.0,41.0,0.0,3.0,26.0,3953.0
2858,10060.0,59.0,28629.0,8.0,57.0,5061.0
2860,14340.0,5.0,50401.0,4.0,40.0,3207.0
2863,16940.0,65.0,84438.0,1.0,52.0,2489.0
2866,11240.0,64.0,59395.0,0.0,38.0,1306.0
2871,5500.0,20.0,130381.0,4.0,40.0,2737.0
2873,6000.0,45.0,61094.0,0.0,45.0,2836.0
2882,5600.0,40.0,0.0,5.0,41.0,5387.0
2885,20270.0,52.0,76159.0,1.0,43.0,2506.0
2887,12080.0,53.0,65759.0,0.0,40.0,1155.0
2888,5430.0,32.0,0.0,3.0,33.0,5867.0
2891,15960.0,5.0,39786.0,3.0,36.0,3455.0
2894,8740.0,28.0,17049.0,4.0,55.0,6855.0
2900,18000.0,48.0,62708.0,1.0,34.0,854.0
2905,20840.0,14.0,73121.0,0.0,63.0,4314.0
2909,18070.0,15.0,47042.0,3.0,52.0,531.0
2914,1500.0,35.0,119341.0,1.0,43.0,2360.0
2917,29330.0,29.0,0.0,1.0,37.0,6480.0
2921,21100.0,54.0,83664.0,7.0,33.0,2206.0
2926,9430.0,36.0,56910.0,5.0,48.0,5021.0
2931,21750.0,28.0,140694.0,0.0,53.0,3857.0
2933,20810.0,58.0,127589.0,0.0,54.0,2729.0
2936,6580.0,39.0,0.0,0.0,39.0,1076.0
2941,37670.0,33.0,110128.0,0.0,42.0,6995.0
2946,9830.0,37.0,44293.0,6.0,39.0,8876.0
2948,13390.0,48.0,101859.0,0.0,51.0,4896.0
2949,14760.0,61.0,33519.0,3.0,55.0,2517.0
2950,21200.0,42.0,24177.0,4.0,42.0,2513.0
2954,26790.0,55.0,33635.0,3.0,46.0,3273.0
2957,16310.0,32.0,30033.0,0.0,36.0,4148.0
2962,31210.0,24.0,42304.0,4.0,55.0,1441.0
2964,20570.0,38.0,0.0,2.0,29.0,6647.0
2968,1500.0,30.0,40570.0,2.0,36.0,5211.0
2978,5700.0,36.0,134520.0,2.0,42.0,7801.0
2986,14980.0,24.0,49522.0,0.0,16.0,4566.0
2989,11370.0,29.0,50655.0,3.0,48.0,8727.0
2995,21190.0,37.0,13394.0,0.0,49.0,3667.0
2998,14920.0,51.0,96399.0,1.0,43.0,5005.0
3000,4600.0,49.0,67842.0,0.0,31.0,3005.0
3002,31120.0,47.0,64777.0,3.0,47.0,3456.0
3004,11810.0,55.0,57136.0,7.0,46.0,3261.0
3008,15420.0,52.0,72738.0,8.0,45.0,6978.0
3009,6200.0,31.0,65802.0,0.0,47.0,4933.0
3013,41570.0,56.0,52506.0,4.0,38.0,2297.0
3017,15890.0,49.0,43543.0,3.0,50.0,2665.0
3024,6600.0,43.0,16052.0,0.0,51.0,502.0
3032,24910.0,37.0,91832.0,1.0,34.0,4234.0
3038,7230.0,41.0,73277.0,4.0,50.0,9136.0
3049,24510.0,32.0,53940.0,3.0,41.0,3585.0
3052,10420.0,28.0,49182.0,0.0,40.0,1763.0
3058,28600.0,69.0,57371.0,3.0,41.0,3340.0
3062,21970.0,50.0,144202.0,6.0,60.0,3365.0
3063,5900.0,44.0,0.0,0.0,44.0,4926.0
3065,18050.0,45.0,29020.0,8.0,41.0,3292.0
3074,6600.0,57.0,65678.0,0.0,51.0,978.0
3077,9620.0,40.0,40868.0,1.0,37.0,6780.0
3081,10000.0,38.0,134640.0,3.0,48.0,3901.0
3085,4500.0,55.0,0.0,0.0,30.0,980.0
3088,18730.0,55.0,48780.0,8.0,53.0,7385.0
3092,22070.0,39.0,96011.0,0.0,43.0,6003.0
3095,27520.0,13.0,73574.0,0.0,52.0,4174.0
3096,18910.0,39.0,46061.0,3.0,38.0,5301.0
3102,3520.0,16.0,69245.0,5.0,43.0,4389.0
3103,7640.0,23.0,0.0,0.0,45.0,7136.0
3107,19300.0,41.0,74202.0,4.0,29.0,2574.0
3112,5100.0,47.0,0.0,1.0,36.0,4042.0
3113,11550.0,9.0,58489.0,1.0,42.0,4930.0
3117,12550.0,31.0,189052.0,0.0,53.0,1030.0
3124,10650.0,39.0,23953.0,2.0,33.0,8363.0
3132,4800.0,16.0,0.0,5.0,33.0,4979.0
3139,6190.0,32.0,16715.0,7.0,31.0,2877.0
3140,18020.0,31.0,106161.0,0.0,49.0,5704.0
3141,13200.0,49.0,25570.0,6.0,38.0,5853.0
3142,26180.0,44.0,77631.0,0.0,57.0,6035.0
3144,12270.0,16.0,67700.0,6.0,40.0,6156.0
3148,18420.0,33.0,113522.0,2.0,34.0,5252.0
3152,22930.0,32.0,16641.0,0.0,40.0,4782.0
3157,5800.0,40.0,66613.0,5.0,43.0,864.0
3159,22880.0,14.0,27370.0,0.0,38.0,3075.0
3165,1500.0,54.0,0.0,0.0,22.0,2729.0
3174,6790.0,52.0,19894.0,0.0,33.0,1254.0
3179,22230.0,5.0,77030.0,0.0,43.0,6726.0
3182,9370.0,25.0,25698.0,0.0,53.0,2382.0
3183,8850.0,14.0,42492.0,5.0,31.0,4431.0
3188,23420.0,57.0,64755.0,4.0,36.0,3636.0
3191,5480.0,34.0,14195.0,5.0,31.0,5963.0
3194,21390.0,29.0,0.0,0.0,31.0,4552.0
3196,15960.0,53.0,85596.0,0.0,59.0,2545.0
3198,5480.0,32.0,39833.0,3.0,55.0,3111.0
3202,1500.0,45.0,15732.0,7.0,51.0,4298.0
3203,15360.0,65.0,40685.0,2.0,50.0,4623.0
3209,10100.0,36.0,31212.0,0.0,37.0,2222.0
3211,14650.0,34.0,29080.0,0.0,53.0,2037.0
3216,23710.0,40.0,82971.0,2.0,37.0,4549.0
3228,11700.0,52.0,56006.0,6.0,46.0,6542.0
3229,10460.0,50.0,51620.0,0.0,38.0,3897.0
3230,17290.0,31.0,35916.0,6.0,55.0,6113.0
3237,24890.0,36.0,101636.0,7.0,42.0,7311.0
3239,5100.0,33.0,167971.0,0.0,36.0,5396.0
3243,25640.0,24.0,21651.0,1.0,41.0,4720.0
3252,1770.0,51.0,2726.0,0.0,38.0,7534.0
3257,24730.0,40.0,78850.0,0.0,44.0,3929.0
3265,13030.0,12.0,36179.0,0.0,32.0,4307.0
3279,15110.0,25.0,35262.0,0.0,26.0,8697.0
3293,9390.0,60.0,27788.0,0.0,40.0,5143.0
3298,23210.0,45.0,29412.0,5.0,36.0,2899.0
3304,19970.0,56.0,22632.0,1.0,37.0,4813.0
3305,5920.0,24.0,0.0,3.0,38.0,2827.0
3311,5400.0,27.0,153236.0,1.0,39.0,2424.0
3315,8900.0,22.0,40990.0,0.0,33.0,4729.0
3317,1500.0,18.0,4457.0,4.0,35.0,5583.0
3319,4230.0,12.0,0.0,1.0,42.0,7293.0
3320,11250.0,37.0,52894.0,5.0,61.0,6284.0
3322,15750.0,45.0,99455.0,0.0,43.0,2524.0
3324,6930.0,31.0,25294.0,1.0,29.0,5388.0
3325,13760.0,21.0,35735.0,5.0,56.0,4364.0
3331,1500.0,40.0,0.0,9.0,58.0,5089.0
3336,13460.0,34.0,34408.0,3.0,44.0,3262.0
3338,17450.0,29.0,108309.0,1.0,45.0,5822.0
3339,18240.0,35.0,87333.0,1.0,41.0,4506.0
3343,15570.0,70.0,62378.0,8.0,61.0,3242.0
3344,7130.0,56.0,26315.0,3.0,30.0,3246.0
3354,36440.0,25.0,72665.0,10.0,50.0,3565.0
3355,20800.0,5.0,82791.0,7.0,39.0,3651.0
3357,10700.0,43.0,42408.0,3.0,44.0,1496.0
3359,26980.0,39.0,115308.0,3.0,31.0,6145.0
3360,26570.0,34.0,173557.0,0.0,41.0,6571.0
3362,9610.0,28.0,12825.0,8.0,22.0,3667.0
3364,31540.0,19.0,50762.0,2.0,58.0,4909.0
3365,13070.0,38.0,0.0,0.0,51.0,6581.0
3369,23780.0,24.0,65659.0,5.0,49.0,3930.0
3372,22000.0,50.0,42139.0,2.0,32.0,6597.0
3373,5850.0,44.0,43489.0,4.0,40.0,2598.0
3374,6000.0,24.0,57627.0,6.0,45.0,7407.0
3381,24180.0,34.0,173572.0,5.0,41.0,2723.0
3383,9070.0,28.0,31728.0,5.0,44.0,3136.0
3384,10730.0,35.0,67793.0,2.0,30.0,4517.0
3390,11620.0,33.0,101191.0,1.0,33.0,3807.0
3395,10560.0,19.0,90596.0,0.0,38.0,4018.0
3400,8800.0,38.0,164088.0,8.0,73.0,4805.0
3401,4850.0,54.0,33470.0,4.0,31.0,3146.0
3404,1500.0,43.0,3081.0,0.0,37.0,1245.0
3407,5000.0,50.0,0.0,2.0,35.0,960.0
3417,14670.0,16.0,50603.0,2.0,47.0,1533.0
3422,7940.0,42.0,16034.0,1.0,36.0,4649.0
3424,12090.0,31.0,60281.0,2.0,48.0,1593.0
3425,23590.0,25.0,123062.0,0.0,27.0,3329.0
3434,26940.0,16.0,31713.0,0.0,43.0,4017.0
3435,6900.0,40.0,0.0,2.0,54.0,5982.0
3436,5800.0,47.0,0.0,1.0,42.0,3702.0
3445,16080.0,73.0,57836.0,8.0,53.0,7261.0
3460,19960.0,11.0,137357.0,0.0,52.0,9187.0
3471,10490.0,50.0,61941.0,5.0,28.0,1333.0
3472,48380.0,26.0,119537.0,1.0,59.0,6290.0
3479,31000.0,53.0,123574.0,0.0,49.0,3237.0
3484,12580.0,9.0,6607.0,1.0,33.0,2421.0
3486,14310.0,9.0,72291.0,5.0,53.0,6857.0
3488,3440.0,30.0,0.0,9.0,40.0,3348.0
3493,21620.0,18.0,0.0,3.0,36.0,2327.0
3494,21930.0,64.0,149254.0,5.0,55.0,1850.0
3499,5600.0,39.0,82598.0,2.0,39.0,856.0
3503,27570.0,17.0,97259.0,5.0,67.0,9663.0
3505,5370.0,33.0,38724.0,1.0,51.0,5837.0
3508,23630.0,39.0,155143.0,0.0,44.0,1762.0
3512,1500.0,47.0,46326.0,2.0,52.0,3375.0
3516,14670.0,41.0,44022.0,0.0,56.0,3783.0
3519,6410.0,31.0,0.0,1.0,36.0,1630.0
3525,6620.0,40.0,35586.0,8.0,46.0,5567.0
3530,7060.0,17.0,93766.0,6.0,37.0,1834.0
3531,7400.0,13.0,0.0,1.0,59.0,5850.0
3533,6750.0,27.0,52466.0,3.0,32.0,2940.0
3535,5600.0,31.0,13393.0,5.0,41.0,5588.0
3546,20040.0,39.0,142531.0,2.0,29.0,1042.0
3549,27470.0,21.0,71892.0,6.0,25.0,5173.0
3560,1500.0,25.0,0.0,0.0,33.0,4436.0
3561,17380.0,23.0,0.0,3.0,46.0,1493.0
3562,13800.0,54.0,122772.0,0.0,56.0,3752.0
3563,18430.0,41.0,111655.0,1.0,32.0,3900.0
3567,9800.0,28.0,30047.0,0.0,53.0,2002.0
3568,6180.0,37.0,50556.0,0.0,37.0,3742.0
3576,14250.0,41.0,46458.0,0.0,45.0,2921.0
3578,11170.0,50.0,36302.0,3.0,47.0,4376.0
3581,18150.0,42.0,58247.0,1.0,56.0,4281.0
3585,5990.0,27.0,0.0,0.0,43.0,1431.0
3587,7180.0,15.0,23372.0,0.0,36.0,2722.0
3588,3320.0,20.0,9123.0,0.0,54.0,5509.0
3592,11010.0,59.0,35256.0,3.0,41.0,3183.0
3604,26910.0,41.0,134778.0,3.0,59.0,4276.0
3607,8580.0,35.0,24865.0,4.0,42.0,6050.0
3610,14460.0,43.0,8659.0,0.0,32.0,1398.0
3612,5760.0,68.0,20646.0,11.0,22.0,3225.0
3617,4380.0,11.0,5822.0,8.0,23.0,6188.0
3618,17790.0,51.0,29176.0,0.0,60.0,2132.0
3620,3570.0,51.0,20676.0,0.0,44.0,4961.0
3624,13890.0,19.0,0.0,1.0,43.0,3568.0
3626,15350.0,39.0,96537.0,0.0,42.0,3501.0
3628,18350.0,17.0,214189.0,0.0,49.0,2793.0
3632,17280.0,51.0,63482.0,4.0,52.0,1748.0
3638,4500.0,41.0,27803.0,0.0,30.0,755.0
3640,9670.0,25.0,13544.0,0.0,45.0,3619.0
3642,30190.0,31.0,88887.0,1.0,41.0,1205.0
3648,20040.0,35.0,44830.0,1.0,60.0,3292.0
3653,22410.0,22.0,12158.0,5.0,45.0,3091.0
3664,9150.0,54.0,19483.0,6.0,47.0,6801.0
3683,15050.0,41.0,21746.0,1.0,33.0,3158.0
3685,11610.0,23.0,0.0,5.0,49.0,4052.0
3694,6700.0,46.0,43546.0,0.0,52.0,1145.0
3698,8030.0,58.0,77830.0,0.0,38.0,5064.0
3700,16260.0,22.0,39811.0,3.0,36.0,2557.0
3706,9720.0,52.0,69394.0,0.0,39.0,2474.0
3707,27210.0,53.0,73762.0,4.0,42.0,4847.0
3714,25430.0,25.0,42680.0,0.0,55.0,6325.0
3717,21860.0,5.0,78418.0,0.0,27.0,5374.0
3718,32880.0,33.0,118870.0,0.0,27.0,4032.0
3722,12780.0,37.0,64798.0,5.0,48.0,1870.0
3734,22620.0,30.0,84376.0,7.0,58.0,2478.0
3735,26010.0,11.0,87455.0,0.0,52.0,5250.0
3737,14900.0,28.0,0.0,2.0,49.0,5157.0
3751,6640.0,28.0,20972.0,2.0,27.0,1858.0
3758,3870.0,19.0,12067.0,5.0,33.0,2298.0
3759,18660.0,27.0,15363.0,3.0,34.0,3663.0
3760,10800.0,24.0,1007.0,4.0,60.0,4390.0
3770,21180.0,37.0,46255.0,2.0,35.0,4412.0
3771,6200.0,44.0,52891.0,10.0,47.0,6315.0
3776,15480.0,37.0,75209.0,5.0,45.0,4905.0
3780,11380.0,40.0,23111.0,5.0,61.0,2856.0
3788,19810.0,19.0,71905.0,1.0,43.0,7865.0
3789,20430.0,15.0,0.0,1.0,32.0,1718.0
3794,3640.0,48.0,21357.0,7.0,32.0,2357.0
3799,11360.0,37.0,57615.0,6.0,41.0,5900.0
3806,19880.0,17.0,48819.0,0.0,45.0,3642.0
3811,24650.0,18.0,94116.0,3.0,41.0,3625.0
3814,21100.0,29.0,95811.0,2.0,57.0,3752.0
3819,10550.0,33.0,85729.0,0.0,47.0,878.0
3822,11950.0,5.0,25444.0,5.0,39.0,7628.0
3824,18250.0,31.0,19230.0,1.0,31.0,4036.0
3827,18050.0,35.0,0.0,0.0,50.0,6892.0
3829,9130.0,37.0,42284.0,0.0,34.0,5059.0
3834,5800.0,47.0,0.0,6.0,43.0,991.0
3838,10810.0,49.0,93150.0,2.0,41.0,5579.0
3839,14620.0,52.0,37128.0,0.0,40.0,4080.0
3842,10570.0,15.0,50700.0,0.0,40.0,5674.0
3850,12950.0,33.0,70452.0,3.0,44.0,2240.0
3851,62240.0,41.0,249589.0,0.0,60.0,4104.0
3856,29100.0,40.0,219768.0,5.0,44.0,6916.0
3857,12460.0,30.0,58228.0,0.0,35.0,4522.0
3861,17930.0,35.0,21789.0,0.0,44.0,3694.0
3862,7390.0,26.0,18886.0,2.0,40.0,7205.0
3866,14810.0,28.0,76123.0,0.0,57.0,2870.0
3879,9470.0,18.0,59563.0,0.0,61.0,4447.0
3884,11900.0,11.0,52967.0,1.0,51.0,1937.0
3888,30520.0,45.0,116587.0,6.0,49.0,4431.0
3897,26620.0,19.0,52898.0,6.0,42.0,2040.0
3907,8290.0,22.0,67891.0,0.0,43.0,6570.0
3908,7200.0,21.0,9763.0,0.0,57.0,3294.0
3921,14870.0,52.0,51172.0,2.0,44.0,3040.0
3928,23560.0,51.0,46874.0,0.0,41.0,6295.0
3933,22610.0,38.0,27509.0,10.0,37.0,2932.0
3936,6010.0,66.0,0.0,2.0,34.0,2974.0
3938,5100.0,58.0,35995.0,0.0,46.0,3531.0
3939,24630.0,23.0,5427.0,11.0,24.0,3373.0
3945,7800.0,33.0,0.0,1.0,63.0,3604.0
3947,16350.0,56.0,99488.0,11.0,49.0,4496.0
3949,5600.0,13.0,0.0,0.0,41.0,8193.0
3955,13070.0,25.0,10471.0,3.0,24.0,1631.0
3956,6380.0,22.0,34682.0,0.0,33.0,3269.0
3960,11260.0,51.0,59578.0,0.0,38.0,4566.0
3961,25450.0,16.0,72438.0,0.0,29.0,5257.0
3963,12140.0,50.0,0.0,0.0,45.0,2956.0
3967,12560.0,27.0,46598.0,3.0,64.0,2432.0
3971,5800.0,45.0,0.0,0.0,43.0,5899.0
3972,10060.0,22.0,42554.0,2.0,43.0,2392.0
3973,16970.0,29.0,106668.0,0.0,48.0,3127.0
3982,6570.0,75.0,0.0,0.0,38.0,868.0
3987,4960.0,26.0,3594.0,0.0,31.0,2136.0
3990,15150.0,31.0,58000.0,0.0,40.0,663.0
3993,20110.0,5.0,52412.0,0.0,47.0,3361.0
3995,12790.0,49.0,0.0,9.0,32.0,2885.0
3998,4210.0,10.0,27053.0,5.0,32.0,1026.0
4003,11810.0,38.0,103134.0,1.0,45.0,3427.0
4015,15110.0,34.0,21891.0,0.0,39.0,5206.0
4026,5800.0,24.0,0.0,6.0,43.0,1452.0
4028,5340.0,47.0,38391.0,3.0,60.0,3318.0
4043,14360.0,10.0,22021.0,1.0,35.0,8748.0
4050,9080.0,68.0,18775.0,4.0,57.0,3965.0
4054,10510.0,33.0,158.0,7.0,36.0,3535.0
4061,5220.0,40.0,26088.0,2.0,55.0,1646.0
4073,9550.0,37.0,13023.0,1.0,48.0,5261.0
4076,18550.0,24.0,72167.0,4.0,36.0,2265.0
4080,24360.0,27.0,21534.0,3.0,46.0,3265.0
4081,20280.0,42.0,40248.0,7.0,38.0,5457.0
4085,15690.0,21.0,35097.0,0.0,50.0,6228.0
4097,28000.0,26.0,28924.0,1.0,39.0,4685.0
4098,9290.0,12.0,40924.0,0.0,37.0,539.0
4109,11300.0,53.0,47991.0,0.0,50.0,4696.0
4110,5700.0,48.0,41293.0,0.0,42.0,2355.0
4112,6550.0,30.0,9536.0,0.0,41.0,3065.0
4118,11020.0,45.0,14705.0,0.0,42.0,1280.0
4119,15570.0,30.0,81767.0,7.0,57.0,3007.0
4121,23910.0,19.0,71207.0,7.0,25.0,4539.0
4128,3950.0,49.0,27823.0,0.0,59.0,2727.0
4129,6710.0,27.0,14098.0,0.0,38.0,7893.0
4141,25850.0,36.0,60551.0,0.0,46.0,2078.0
4143,17980.0,43.0,45038.0,1.0,60.0,6004.0
4147,23350.0,51.0,38128.0,0.0,37.0,1901.0
4150,14070.0,40.0,93741.0,3.0,32.0,4324.0
4156,17560.0,11.0,78271.0,0.0,59.0,2463.0
4158,14650.0,28.0,73326.0,7.0,45.0,5095.0
4160,18330.0,30.0,87416.0,0.0,39.0,843.0
4162,15860.0,42.0,15796.0,2.0,45.0,1294.0
4178,14170.0,30.0,63695.0,0.0,63.0,2895.0
4183,16320.0,66.0,12236.0,1.0,39.0,6889.0
4185,20360.0,45.0,59146.0,0.0,48.0,4193.0
4186,20690.0,57.0,62486.0,0.0,47.0,1009.0
4192,16420.0,20.0,45828.0,0.0,29.0,6409.0
4218,7200.0,39.0,23953.0,7.0,33.0,3770.0
4223,21480.0,31.0,81024.0,0.0,38.0,2986.0
4225,4390.0,19.0,28853.0,0.0,33.0,3357.0
4236,14080.0,62.0,76778.0,1.0,49.0,6006.0
4243,34310.0,48.0,86268.0,0.0,55.0,1698.0
4250,16480.0,21.0,58530.0,7.0,38.0,6393.0
4260,18500.0,40.0,148443.0,4.0,57.0,3159.0
4268,8090.0,46.0,61220.0,7.0,34.0,5236.0
4269,16010.0,12.0,0.0,7.0,35.0,4410.0
4270,13540.0,9.0,44492.0,4.0,45.0,5686.0
4272,12880.0,35.0,82762.0,0.0,31.0,3674.0
4274,21970.0,32.0,204668.0,0.0,44.0,5692.0
4282,12280.0,22.0,0.0,0.0,52.0,4045.0
4284,34450.0,43.0,44438.0,0.0,53.0,2944.0
4287,16150.0,5.0,10730.0,7.0,26.0,1022.0
4299,9050.0,55.0,40457.0,7.0,35.0,6074.0
4300,17700.0,29.0,0.0,0.0,54.0,2421.0
4301,10850.0,53.0,3604.0,0.0,41.0,2890.0
4305,16980.0,25.0,32381.0,1.0,31.0,1941.0
4310,14300.0,37.0,7505.0,8.0,48.0,5542.0
4311,6400.0,41.0,75772.0,0.0,49.0,4049.0
4313,23810.0,33.0,53210.0,10.0,50.0,4767.0
4322,6600.0,23.0,0.0,1.0,51.0,6836.0
4327,17470.0,32.0,2214.0,6.0,22.0,4212.0
4328,1500.0,35.0,189555.0,0.0,40.0,3762.0
4329,9960.0,55.0,14055.0,0.0,37.0,7783.0
4333,10190.0,16.0,11954.0,1.0,29.0,3090.0
4341,7250.0,55.0,55727.0,1.0,51.0,2585.0
4344,24020.0,33.0,0.0,0.0,63.0,5063.0
4347,16500.0,53.0,12871.0,0.0,24.0,5865.0
4352,6000.0,34.0,0.0,8.0,45.0,7746.0
4354,14090.0,41.0,55353.0,6.0,34.0,1559.0
4359,14520.0,37.0,71197.0,0.0,59.0,3794.0
4362,21020.0,41.0,33644.0,0.0,66.0,5074.0
4363,11960.0,32.0,69592.0,1.0,35.0,4019.0
4368,19960.0,73.0,79380.0,8.0,59.0,571.0
4370,4700.0,12.0,66841.0,0.0,32.0,5732.0
4372,4120.0,27.0,0.0,1.0,26.0,2370.0
4377,6190.0,53.0,46928.0,0.0,38.0,5900.0
4379,6360.0,14.0,17567.0,0.0,31.0,2979.0
4396,6970.0,58.0,56095.0,0.0,34.0,599.0
4402,14880.0,25.0,38442.0,0.0,52.0,4582.0
4410,9330.0,23.0,6018.0,1.0,57.0,4790.0
4411,31040.0,56.0,32708.0,4.0,33.0,2375.0
4415,9270.0,50.0,0.0,0.0,37.0,4580.0
4420,12510.0,19.0,20765.0,6.0,36.0,3887.0
4426,18150.0,57.0,32956.0,5.0,53.0,6603.0
4427,5600.0,43.0,0.0,0.0,41.0,3018.0
4432,25170.0,41.0,6947.0,8.0,40.0,2033.0
4435,8140.0,57.0,33392.0,5.0,33.0,4057.0
4452,14330.0,33.0,128275.0,4.0,60.0,3918.0
4460,12750.0,44.0,69476.0,0.0,43.0,1212.0
4462,12180.0,42.0,96599.0,1.0,45.0,1479.0
4463,10930.0,55.0,56814.0,0.0,48.0,5184.0
4471,23760.0,29.0,114547.0,4.0,53.0,1877.0
4476,10300.0,36.0,52626.0,6.0,52.0,3587.0
4477,11940.0,38.0,116870.0,3.0,35.0,6651.0
4484,11760.0,37.0,106465.0,7.0,57.0,3968.0
4488,5800.0,15.0,0.0,9.0,43.0,8927.0
4496,6420.0,77.0,18154.0,1.0,44.0,4579.0
4500,3030.0,31.0,15252.0,0.0,38.0,2091.0
4504,11210.0,20.0,49035.0,1.0,48.0,5613.0
4506,14990.0,39.0,3151.0,3.0,38.0,196.0
4512,7440.0,43.0,18408.0,8.0,41.0,2460.0
4514,7660.0,37.0,34675.0,0.0,45.0,6357.0
4524,57970.0,19.0,320127.0,5.0,59.0,3231.0
4525,2440.0,38.0,9361.0,0.0,30.0,3428.0
4526,19940.0,12.0,0.0,8.0,53.0,4073.0
4528,6200.0,59.0,0.0,8.0,47.0,109.0
4531,25580.0,42.0,36614.0,0.0,43.0,680.0
4533,10440.0,34.0,58391.0,0.0,31.0,4078.0
4536,8260.0,24.0,32809.0,2.0,30.0,4308.0
4541,11690.0,21.0,22960.0,1.0,44.0,1556.0
4544,8450.0,34.0,636.0,0.0,43.0,1222.0
4545,11060.0,39.0,0.0,1.0,62.0,6767.0
4547,12000.0,38.0,0.0,3.0,45.0,2467.0
4550,8670.0,32.0,5013.0,8.0,65.0,2415.0
4552,4300.0,30.0,0.0,0.0,28.0,2493.0
4559,7350.0,57.0,0.0,4.0,50.0,698.0
4562,25660.0,42.0,104575.0,2.0,27.0,4487.0
4568,17290.0,12.0,112450.0,3.0,43.0,3674.0
4577,19990.0,36.0,149937.0,0.0,35.0,1325.0
4583,12690.0,27.0,1886.0,0.0,35.0,3692.0
4589,17740.0,24.0,55274.0,8.0,43.0,8609.0
4591,11990.0,29.0,0.0,3.0,32.0,5200.0
4596,21180.0,23.0,28350.0,2.0,61.0,2118.0
4597,2670.0,30.0,5292.0,0.0,29.0,5722.0
4599,21300.0,18.0,61415.0,0.0,42.0,2419.0
4605,12760.0,22.0,72551.0,2.0,40.0,2703.0
4608,9230.0,23.0,15739.0,3.0,37.0,4772.0
4621,7000.0,29.0,51811.0,0.0,55.0,3842.0
4630,9540.0,32.0,31860.0,3.0,51.0,4452.0
4632,19460.0,35.0,75210.0,0.0,47.0,3960.0
4641,12070.0,36.0,69714.0,9.0,36.0,4171.0
4643,25530.0,59.0,97114.0,1.0,38.0,1204.0
4648,17960.0,55.0,4216.0,1.0,49.0,7324.0
4650,20100.0,57.0,186027.0,2.0,45.0,3278.0
4652,13820.0,58.0,0.0,1.0,35.0,1399.0
4653,23140.0,34.0,85504.0,7.0,37.0,2424.0
4654,32370.0,28.0,5063.0,0.0,33.0,4920.0
4664,30390.0,35.0,68526.0,2.0,59.0,4995.0
4666,11840.0,43.0,48484.0,7.0,38.0,6435.0
4673,32040.0,27.0,126381.0,2.0,42.0,3279.0
4687,15360.0,21.0,45909.0,0.0,43.0,2401.0
4688,1500.0,33.0,210660.0,3.0,56.0,7803.0
4691,10090.0,48.0,0.0,6.0,38.0,5336.0
4692,9390.0,62.0,13880.0,1.0,65.0,2251.0
4695,10930.0,29.0,0.0,3.0,42.0,3819.0
4699,16890.0,18.0,17619.0,5.0,30.0,984.0
4705,20260.0,18.0,58945.0,0.0,50.0,3705.0
4713,12200.0,24.0,54983.0,7.0,52.0,4408.0
4719,27120.0,56.0,61958.0,0.0,44.0,3334.0
4725,5200.0,46.0,8247.0,5.0,31.0,3886.0
4730,18080.0,5.0,111708.0,0.0,55.0,2936.0
4734,14770.0,30.0,312.0,0.0,48.0,5544.0
4737,14730.0,37.0,109533.0,3.0,47.0,2842.0
4738,15190.0,44.0,75741.0,3.0,48.0,5704.0
4742,20710.0,48.0,0.0,0.0,58.0,5760.0
4744,17940.0,34.0,22741.0,0.0,45.0,2096.0
4751,6410.0,31.0,67876.0,3.0,48.0,2550.0
4752,17450.0,12.0,4910.0,0.0,45.0,5470.0
4762,17230.0,57.0,53099.0,0.0,54.0,1690.0
4766,9980.0,19.0,27964.0,2.0,37.0,6932.0
4768,19300.0,46.0,66119.0,0.0,41.0,2910.0
4775,5200.0,19.0,51551.0,0.0,38.0,3379.0
4779,5200.0,26.0,0.0,0.0,37.0,2292.0
4781,12780.0,27.0,54009.0,3.0,31.0,1288.0
4783,18010.0,50.0,0.0,1.0,40.0,503.0
4784,15110.0,25.0,75013.0,0.0,42.0,3640.0
4789,17590.0,18.0,34660.0,4.0,32.0,3801.0
4804,1910.0,37.0,117329.0,8.0,39.0,4771.0
4805,15330.0,40.0,83304.0,3.0,55.0,4037.0
4806,13120.0,53.0,21313.0,1.0,30.0,3236.0
4810,8270.0,39.0,0.0,6.0,36.0,2998.0
4811,5700.0,28.0,0.0,3.0,43.0,5126.0
4813,6600.0,60.0,69551.0,1.0,51.0,5389.0
4818,9630.0,41.0,13996.0,0.0,45.0,1902.0
4823,14080.0,21.0,61068.0,0.0,49.0,6031.0
4825,24120.0,29.0,47793.0,0.0,53.0,1704.0
4826,17590.0,70.0,56210.0,3.0,61.0,1340.0
4829,7200.0,55.0,53329.0,1.0,57.0,1798.0
4837,13490.0,17.0,0.0,1.0,38.0,2829.0
4838,3790.0,5.0,14096.0,0.0,47.0,3121.0
4846,28740.0,22.0,57517.0,4.0,58.0,7045.0
4847,7300.0,27.0,57454.0,0.0,58.0,8116.0
4850,1500.0,59.0,0.0,0.0,51.0,5075.0
4853,5930.0,18.0,44308.0,2.0,56.0,4822.0
4855,18540.0,7.0,55771.0,2.0,39.0,4855.0
4856,1500.0,31.0,0.0,2.0,43.0,3011.0
4873,23370.0,29.0,120401.0,2.0,46.0,3118.0
4875,11060.0,16.0,25525.0,5.0,61.0,1299.0
4878,25280.0,49.0,0.0,0.0,33.0,6409.0
4880,26420.0,19.0,85081.0,7.0,62.0,6783.0
4883,12240.0,42.0,0.0,6.0,39.0,2750.0
4884,6500.0,14.0,31291.0,3.0,50.0,5295.0
4888,25760.0,45.0,74719.0,2.0,39.0,4704.0
4889,5400.0,31.0,0.0,1.0,39.0,5190.0
4895,26810.0,18.0,77556.0,0.0,35.0,1530.0
4896,9510.0,34.0,77950.0,0.0,36.0,2987.0
4898,12580.0,51.0,61790.0,0.0,49.0,943.0
4899,33050.0,24.0,76791.0,2.0,39.0,6993.0
4901,10780.0,26.0,35778.0,5.0,57.0,2575.0
4904,21430.0,39.0,81042.0,4.0,39.0,2646.0
4910,7720.0,5.0,62203.0,4.0,57.0,2194.0
4911,8270.0,47.0,26652.0,6.0,41.0,3892.0
4913,6720.0,45.0,33648.0,2.0,45.0,6005.0
4923,6000.0,46.0,32279.0,0.0,45.0,5108.0
4925,13110.0,51.0,44452.0,0.0,47.0,2896.0
4929,9930.0,38.0,41274.0,0.0,43.0,430.0
4932,19090.0,60.0,683.0,0.0,45.0,1326.0
4935,4300.0,14.0,22718.0,9.0,30.0,5076.0
4944,4600.0,25.0,0.0,5.0,31.0,6804.0
4949,11560.0,55.0,42607.0,1.0,58.0,4984.0
4952,4010.0,24.0,35453.0,2.0,40.0,956.0
4953,5740.0,45.0,42371.0,4.0,42.0,6280.0
4957,11760.0,27.0,50584.0,6.0,52.0,4978.0
4961,9290.0,24.0,32867.0,4.0,45.0,2711.0
4963,7940.0,53.0,284071.0,4.0,49.0,2410.0
4967,10460.0,86.0,0.0,3.0,44.0,2356.0
4968,7240.0,26.0,11363.0,2.0,46.0,6719.0
4979,6200.0,27.0,44812.0,0.0,47.0,7204.0
4985,9260.0,57.0,228376.0,8.0,48.0,5728.0
4987,2670.0,19.0,66335.0,0.0,36.0,2199.0
4994,38240.0,13.0,157619.0,0.0,58.0,3452.0
4999,25320.0,37.0,53924.0,6.0,50.0,747.0
5004,22740.0,41.0,66390.0,1.0,25.0,5207.0
5010,4200.0,47.0,35851.0,4.0,27.0,4102.0
5011,21010.0,34.0,100790.0,0.0,46.0,4256.0
5015,5000.0,50.0,64530.0,0.0,35.0,6087.0
5017,30270.0,26.0,71512.0,0.0,45.0,3868.0
5021,11550.0,25.0,3113.0,4.0,55.0,8767.0
5024,29540.0,12.0,111405.0,9.0,48.0,966.0
5025,5680.0,49.0,38819.0,7.0,38.0,4666.0
5029,8200.0,33.0,0.0,0.0,67.0,1402.0
5034,14660.0,34.0,56819.0,1.0,39.0,926.0
5035,18130.0,35.0,40612.0,3.0,43.0,4070.0
5038,26860.0,19.0,84794.0,7.0,35.0,3590.0
5067,6700.0,65.0,3044.0,4.0,49.0,3166.0
5070,28840.0,10.0,26681.0,0.0,45.0,5377.0
5074,21740.0,41.0,53739.0,5.0,57.0,3226.0
5075,22750.0,48.0,118527.0,0.0,40.0,1277.0
5078,31380.0,42.0,152292.0,1.0,44.0,6281.0
5086,10350.0,52.0,88490.0,0.0,58.0,1036.0
5091,5700.0,31.0,251883.0,4.0,42.0,5591.0
5092,5430.0,21.0,0.0,0.0,30.0,6516.0
5097,4500.0,35.0,0.0,1.0,30.0,3706.0
5100,8450.0,20.0,12332.0,0.0,39.0,1833.0
5102,23360.0,30.0,54729.0,0.0,42.0,2641.0
5103,7860.0,68.0,24609.0,4.0,39.0,7800.0
5106,14260.0,62.0,0.0,0.0,42.0,4388.0
5107,14650.0,31.0,80479.0,4.0,51.0,7961.0
5111,33610.0,5.0,112213.0,4.0,46.0,8755.0
5116,24480.0,42.0,62216.0,3.0,47.0,9105.0
5125,27770.0,48.0,112205.0,5.0,42.0,4298.0
5126,5000.0,30.0,0.0,3.0,35.0,6208.0
5134,5800.0,61.0,0.0,5.0,43.0,6690.0
5142,10680.0,28.0,61790.0,0.0,30.0,6296.0
5145,5590.0,44.0,58049.0,0.0,53.0,4898.0
5146,17750.0,19.0,75385.0,4.0,25.0,4577.0
5150,6400.0,36.0,73241.0,0.0,49.0,5454.0
5151,13190.0,46.0,48215.0,2.0,49.0,2649.0
5153,4600.0,14.0,0.0,6.0,31.0,1668.0
5157,17310.0,79.0,90044.0,0.0,48.0,6595.0
5167,9500.0,61.0,23588.0,3.0,48.0,5685.0
5169,5100.0,50.0,45282.0,4.0,37.0,2546.0
5171,8250.0,29.0,33538.0,2.0,34.0,5810.0
5178,1500.0,24.0,82780.0,6.0,36.0,5943.0
5185,23170.0,36.0,65234.0,0.0,54.0,1148.0
5188,25590.0,39.0,73376.0,5.0,42.0,1947.0
5197,17190.0,24.0,0.0,1.0,53.0,2490.0
5199,4800.0,17.0,82407.0,1.0,33.0,4181.0
5201,16920.0,15.0,28538.0,7.0,45.0,1444.0
5204,25310.0,35.0,62133.0,2.0,47.0,5453.0
5207,10180.0,44.0,14677.0,0.0,39.0,3270.0
5208,14550.0,30.0,45626.0,0.0,46.0,3613.0
5212,4870.0,45.0,33717.0,0.0,47.0,2129.0
5214,12760.0,37.0,0.0,2.0,62.0,1414.0
5224,10570.0,23.0,4209.0,4.0,20.0,4400.0
5226,15480.0,5.0,71779.0,0.0,42.0,5782.0
5234,19540.0,46.0,106752.0,2.0,48.0,3989.0
5237,13760.0,49.0,49729.0,0.0,43.0,1428.0
5240,8370.0,35.0,52956.0,5.0,50.0,4890.0
5246,45360.0,25.0,27253.0,0.0,42.0,1401.0
5250,27570.0,35.0,141953.0,0.0,63.0,4291.0
5251,23140.0,36.0,62638.0,4.0,43.0,4665.0
5264,2450.0,38.0,9494.0,0.0,46.0,2572.0
5267,24670.0,5.0,20277.0,2.0,31.0,1746.0
5275,11310.0,52.0,46915.0,1.0,43.0,535.0
5280,19520.0,60.0,11069.0,5.0,49.0,4351.0
5292,17020.0,47.0,86574.0,0.0,55.0,3367.0
5296,23410.0,48.0,119869.0,5.0,33.0,8535.0
5300,18740.0,29.0,100886.0,9.0,58.0,1020.0
5302,10680.0,22.0,25709.0,1.0,52.0,6835.0
5303,17270.0,24.0,24202.0,4.0,46.0,3776.0
5304,16360.0,32.0,64548.0,3.0,54.0,3763.0
5305,11450.0,47.0,36351.0,3.0,33.0,5413.0
5309,9200.0,20.0,40012.0,2.0,37.0,3246.0
5317,8420.0,52.0,34235.0,2.0,35.0,4618.0
5318,23570.0,39.0,0.0,3.0,44.0,3666.0
5321,25240.0,54.0,177832.0,2.0,46.0,3845.0
5333,15380.0,31.0,78288.0,1.0,43.0,4475.0
5334,8460.0,40.0,82795.0,7.0,43.0,2707.0
5336,6500.0,6.0,216924.0,5.0,50.0,7981.0
5339,8830.0,28.0,28600.0,3.0,47.0,2190.0
5345,1500.0,5.0,0.0,0.0,47.0,2222.0
5349,14200.0,38.0,20188.0,7.0,45.0,4286.0
5350,8770.0,6.0,28808.0,4.0,47.0,5499.0
5358,8630.0,42.0,34669.0,1.0,48.0,4433.0
5360,1500.0,48.0,0.0,6.0,48.0,2316.0
5367,35520.0,59.0,180074.0,6.0,50.0,5160.0
5371,1500.0,34.0,68524.0,11.0,26.0,2651.0
5373,18510.0,33.0,125058.0,0.0,45.0,2418.0
5379,5560.0,39.0,12216.0,0.0,38.0,2080.0
5389,11100.0,43.0,28084.0,3.0,33.0,4618.0
5390,12720.0,34.0,77179.0,0.0,35.0,4966.0
5397,5510.0,26.0,12117.0,3.0,28.0,4120.0
5403,36330.0,30.0,90479.0,0.0,45.0,3213.0
5406,5600.0,50.0,18939.0,4.0,41.0,3896.0
5408,10900.0,27.0,50952.0,0.0,43.0,1834.0
5411,12220.0,40.0,54945.0,0.0,46.0,4915.0
5423,5000.0,22.0,20494.0,5.0,36.0,4104.0
5424,9960.0,52.0,45977.0,6.0,58.0,5524.0
5426,17570.0,26.0,273507.0,6.0,52.0,3975.0
5430,12840.0,36.0,79445.0,3.0,34.0,5664.0
5431,23450.0,25.0,162519.0,2.0,57.0,6761.0
5435,4900.0,23.0,64365.0,0.0,31.0,6217.0
5440,5160.0,16.0,36635.0,4.0,56.0,5201.0
5441,11910.0,32.0,0.0,4.0,34.0,4568.0
5444,18110.0,51.0,59822.0,4.0,40.0,3751.0
5454,11190.0,47.0,0.0,0.0,43.0,1463.0
5459,6300.0,31.0,144922.0,0.0,48.0,2702.0
5470,5900.0,34.0,119998.0,2.0,44.0,4537.0
5487,6400.0,43.0,42408.0,1.0,44.0,5125.0
5491,9200.0,39.0,23551.0,4.0,39.0,6799.0
5492,6600.0,31.0,94160.0,0.0,51.0,4613.0
5495,9370.0,40.0,0.0,0.0,29.0,3069.0
5498,7300.0,5.0,77297.0,5.0,58.0,4373.0
5503,21510.0,40.0,39752.0,2.0,34.0,7680.0
5511,17840.0,34.0,77946.0,1.0,46.0,6471.0
5513,12510.0,15.0,26217.0,1.0,49.0,830.0
5518,24870.0,10.0,159889.0,3.0,40.0,4907.0
5519,22230.0,47.0,55578.0,4.0,35.0,5165.0
5522,16400.0,23.0,55076.0,1.0,37.0,6872.0
5523,15340.0,17.0,168419.0,0.0,53.0,4950.0
5525,16450.0,53.0,83790.0,3.0,46.0,3542.0
5532,4090.0,27.0,46187.0,0.0,58.0,6425.0
5540,14830.0,36.0,61365.0,0.0,42.0,1896.0
5542,23720.0,73.0,26222.0,0.0,57.0,3009.0
5544,7100.0,19.0,22881.0,3.0,56.0,676.0
5548,13680.0,35.0,17984.0,5.0,29.0,980.0
5550,1500.0,5.0,50401.0,3.0,40.0,3421.0
5554,1500.0,35.0,111014.0,6.0,41.0,1639.0
5558,6450.0,46.0,54028.0,0.0,48.0,755.0
5564,6200.0,26.0,0.0,4.0,47.0,1550.0
5566,12470.0,44.0,33575.0,0.0,50.0,6050.0
5570,10580.0,69.0,38806.0,3.0,52.0,1213.0
5571,7710.0,74.0,0.0,3.0,46.0,6052.0
5572,16810.0,6.0,0.0,8.0,30.0,5428.0
5573,9560.0,14.0,0.0,3.0,21.0,2851.0
5581,10490.0,27.0,40383.0,5.0,53.0,2389.0
5585,9860.0,6.0,38563.0,0.0,45.0,2982.0
5588,19910.0,55.0,86794.0,2.0,31.0,2772.0
5592,13730.0,30.0,28453.0,5.0,45.0,3930.0
5593,16390.0,39.0,155570.0,0.0,42.0,5013.0
5596,28730.0,56.0,60288.0,6.0,41.0,7513.0
5597,15260.0,21.0,106614.0,2.0,31.0,6519.0
5599,5570.0,32.0,40683.0,3.0,55.0,6835.0
5601,25140.0,37.0,46436.0,3.0,42.0,1962.0
5604,17500.0,13.0,104560.0,1.0,42.0,980.0
5609,8980.0,43.0,23766.0,0.0,51.0,5863.0
5612,24660.0,29.0,46814.0,2.0,63.0,2797.0
5640,26550.0,34.0,18362.0,4.0,39.0,5162.0
5644,18530.0,14.0,44108.0,0.0,57.0,4904.0
5646,5200.0,18.0,0.0,7.0,39.0,5543.0
5653,30690.0,57.0,147091.0,0.0,46.0,2901.0
5662,14020.0,23.0,23250.0,0.0,41.0,3225.0
5663,6200.0,25.0,0.0,0.0,47.0,1305.0
5667,17740.0,39.0,76875.0,8.0,61.0,4435.0
5668,12320.0,50.0,108151.0,0.0,45.0,5812.0
5669,15470.0,48.0,30531.0,5.0,51.0,3561.0
5670,8350.0,12.0,21517.0,7.0,47.0,2344.0
5672,16780.0,45.0,45431.0,5.0,47.0,4430.0
5674,19030.0,56.0,48058.0,0.0,47.0,7028.0
5681,34610.0,67.0,116767.0,1.0,47.0,4155.0
5686,22780.0,38.0,55637.0,0.0,35.0,744.0
5689,21600.0,58.0,67452.0,4.0,51.0,5548.0
5704,16760.0,5.0,0.0,1.0,51.0,1618.0
5705,6500.0,48.0,0.0,6.0,50.0,3214.0
5707,14680.0,45.0,125791.0,1.0,58.0,1781.0
5711,5300.0,29.0,0.0,5.0,38.0,709.0
5713,7460.0,52.0,14604.0,9.0,45.0,3556.0
5720,9480.0,24.0,42758.0,0.0,37.0,1808.0
5722,28770.0,40.0,216412.0,0.0,44.0,5349.0
5724,4700.0,37.0,89286.0,1.0,32.0,4376.0
5732,10940.0,30.0,0.0,0.0,48.0,1710.0
5733,8540.0,31.0,6104.0,0.0,60.0,4566.0
5741,8610.0,15.0,27052.0,8.0,44.0,865.0
5743,9480.0,7.0,40791.0,1.0,43.0,1942.0
5754,19980.0,19.0,82149.0,0.0,46.0,8000.0
5759,20120.0,66.0,93258.0,1.0,33.0,4538.0
5769,15490.0,54.0,86530.0,0.0,43.0,3896.0
5782,8620.0,25.0,27222.0,1.0,44.0,5800.0
5785,7180.0,38.0,0.0,4.0,54.0,4046.0
5793,6050.0,28.0,8701.0,6.0,35.0,5913.0
5794,11480.0,40.0,33193.0,1.0,56.0,5089.0
5796,1700.0,8.0,0.0,4.0,53.0,6931.0
5805,5450.0,61.0,39490.0,0.0,49.0,5871.0
5812,6580.0,36.0,24612.0,1.0,36.0,7893.0
5816,6040.0,21.0,7443.0,1.0,38.0,5803.0
5817,9800.0,47.0,82992.0,7.0,47.0,3779.0
5818,26290.0,52.0,68517.0,0.0,50.0,1361.0
5821,14050.0,35.0,17972.0,4.0,35.0,1050.0
5824,24450.0,32.0,61206.0,2.0,43.0,5019.0
5830,4580.0,24.0,46979.0,1.0,53.0,8446.0
5831,6240.0,66.0,47366.0,1.0,38.0,1804.0
5835,1500.0,56.0,0.0,0.0,53.0,2986.0
5836,18150.0,43.0,102765.0,0.0,45.0,5791.0
5840,9040.0,34.0,61710.0,0.0,45.0,6022.0
5841,13080.0,43.0,97953.0,0.0,43.0,2747.0
5847,7950.0,60.0,21970.0,3.0,28.0,9059.0
5852,17350.0,20.0,64423.0,0.0,54.0,3591.0
5857,27530.0,23.0,119454.0,0.0,47.0,2667.0
5865,15120.0,42.0,35636.0,7.0,41.0,2219.0
5868,10040.0,52.0,54286.0,4.0,56.0,5487.0
5872,8540.0,14.0,18426.0,2.0,52.0,1745.0
5875,9200.0,60.0,28996.0,1.0,46.0,6639.0
5877,8290.0,25.0,34658.0,7.0,36.0,5984.0
5887,12330.0,42.0,46674.0,0.0,39.0,5505.0
5889,7200.0,38.0,0.0,1.0,57.0,1907.0
5890,4600.0,17.0,33782.0,0.0,31.0,4259.0
5891,9970.0,52.0,0.0,7.0,18.0,3274.0
5892,9780.0,26.0,44809.0,0.0,38.0,2288.0
5898,2930.0,49.0,14307.0,4.0,23.0,4018.0
5905,18600.0,12.0,42018.0,4.0,32.0,4746.0
5909,5000.0,34.0,47643.0,0.0,35.0,4326.0
5913,24300.0,14.0,96813.0,3.0,41.0,6346.0
5919,43280.0,41.0,290846.0,0.0,41.0,2908.0
5922,12250.0,33.0,40711.0,0.0,44.0,6389.0
5923,7750.0,45.0,31476.0,0.0,31.0,3615.0
5927,13360.0,34.0,54488.0,0.0,34.0,5301.0
5928,8670.0,23.0,49636.0,0.0,53.0,3595.0
5929,10220.0,17.0,43680.0,0.0,36.0,3116.0
5930,6300.0,30.0,0.0,0.0,48.0,3611.0
5931,8940.0,43.0,74402.0,2.0,40.0,5558.0
5935,18770.0,47.0,11047.0,0.0,22.0,5238.0
5945,20580.0,54.0,35092.0,0.0,60.0,1828.0
5951,23550.0,11.0,24713.0,1.0,48.0,4635.0
5952,5200.0,6.0,73941.0,4.0,37.0,1929.0
5959,10070.0,41.0,0.0,6.0,39.0,3312.0
5962,11990.0,5.0,69943.0,2.0,35.0,6573.0
5966,22810.0,38.0,39643.0,0.0,39.0,4348.0
5967,16540.0,52.0,43971.0,1.0,39.0,3931.0
5979,15360.0,55.0,18159.0,7.0,25.0,3397.0
5980,4320.0,22.0,28163.0,0.0,47.0,7481.0
5983,7000.0,40.0,56227.0,7.0,55.0,3667.0
5985,5600.0,34.0,119354.0,4.0,41.0,8615.0
5988,8570.0,65.0,20753.0,4.0,40.0,8195.0
5989,15610.0,12.0,0.0,3.0,48.0,1973.0
5994,11650.0,26.0,5336.0,7.0,19.0,3808.0
6006,25580.0,55.0,52589.0,6.0,39.0,4090.0
6012,13740.0,33.0,79388.0,2.0,43.0,5152.0
6013,7590.0,44.0,122773.0,3.0,54.0,1381.0
6017,33290.0,31.0,144922.0,0.0,48.0,2097.0
6023,9690.0,37.0,38253.0,6.0,57.0,2007.0
6024,19130.0,35.0,107937.0,1.0,37.0,2487.0
6028,16430.0,34.0,39220.0,11.0,49.0,4802.0
6035,26460.0,33.0,45215.0,4.0,50.0,6539.0
6038,6800.0,8.0,30319.0,2.0,53.0,5212.0
6039,6400.0,69.0,0.0,7.0,49.0,1869.0
6043,1500.0,49.0,38668.0,2.0,51.0,731.0
6044,20710.0,34.0,73463.0,2.0,58.0,3872.0
6046,7200.0,39.0,106140.0,4.0,57.0,7058.0
6050,5800.0,38.0,69236.0,0.0,44.0,4042.0
6051,12800.0,25.0,12854.0,3.0,39.0,5441.0
6054,7470.0,31.0,0.0,3.0,40.0,6415.0
6059,15030.0,88.0,64379.0,0.0,35.0,8351.0
6060,24660.0,18.0,62615.0,4.0,32.0,4090.0
6061,6000.0,40.0,0.0,1.0,45.0,1221.0
6064,4600.0,51.0,82407.0,0.0,33.0,3419.0
6066,13320.0,34.0,64155.0,1.0,54.0,3548.0
6067,10610.0,48.0,42071.0,8.0,49.0,3352.0
6069,22960.0,38.0,52292.0,3.0,42.0,3350.0
6075,11840.0,25.0,101470.0,3.0,45.0,3393.0
6076,9150.0,36.0,0.0,4.0,32.0,1791.0
6077,3900.0,29.0,110880.0,3.0,26.0,8097.0
6078,32950.0,27.0,180034.0,3.0,53.0,2827.0
6083,10890.0,47.0,78341.0,2.0,37.0,2763.0
6085,13810.0,53.0,65398.0,0.0,64.0,6162.0
6087,3260.0,39.0,43915.0,2.0,27.0,3677.0
6090,6000.0,36.0,85545.0,4.0,41.0,7531.0
6094,12380.0,26.0,57782.0,1.0,51.0,4892.0
6095,11780.0,30.0,59896.0,4.0,25.0,7563.0
6098,5200.0,40.0,0.0,0.0,37.0,2188.0
6099,30200.0,22.0,231004.0,0.0,56.0,4435.0
6103,10750.0,28.0,37523.0,0.0,55.0,4041.0
6107,7380.0,47.0,0.0,5.0,48.0,7008.0
6116,16070.0,14.0,65801.0,3.0,45.0,4804.0
6118,23100.0,39.0,66452.0,2.0,35.0,3491.0
6123,17700.0,37.0,35120.0,1.0,60.0,3749.0
6124,6100.0,24.0,37192.0,4.0,46.0,4876.0
6125,24120.0,8.0,70839.0,1.0,55.0,3134.0
6129,18070.0,28.0,0.0,0.0,53.0,3674.0
6134,13140.0,51.0,0.0,9.0,58.0,3172.0
6147,8150.0,50.0,19527.0,2.0,47.0,6059.0
6150,5300.0,40.0,19122.0,0.0,38.0,1519.0
6153,14900.0,16.0,0.0,4.0,27.0,5270.0
6154,8820.0,16.0,0.0,2.0,49.0,1911.0
6158,3910.0,28.0,30111.0,1.0,46.0,7692.0
6161,14940.0,29.0,14522.0,8.0,48.0,4638.0
6168,6780.0,33.0,26177.0,5.0,33.0,1756.0
6169,18790.0,30.0,44955.0,2.0,42.0,3128.0
6173,34380.0,40.0,85183.0,2.0,47.0,5761.0
6174,8380.0,28.0,36611.0,1.0,61.0,5386.0
6176,11440.0,33.0,69357.0,0.0,30.0,2051.0
6177,7600.0,45.0,179536.0,0.0,61.0,6612.0
6181,3750.0,29.0,32505.0,11.0,43.0,5724.0
6183,19100.0,67.0,24178.0,2.0,45.0,3347.0
6193,13870.0,45.0,62706.0,4.0,61.0,9945.0
6196,4910.0,38.0,34084.0,1.0,42.0,6076.0
6197,3830.0,33.0,0.0,0.0,28.0,6914.0
6199,6000.0,29.0,67633.0,3.0,45.0,2559.0
6208,13570.0,44.0,59690.0,0.0,61.0,4037.0
6210,18760.0,33.0,106194.0,0.0,42.0,1620.0
6212,10450.0,5.0,54960.0,2.0,39.0,5216.0
6217,14980.0,46.0,50872.0,0.0,35.0,4174.0
6219,26580.0,34.0,0.0,0.0,51.0,3737.0
6220,11250.0,41.0,35168.0,0.0,53.0,5139.0
6223,12140.0,40.0,52409.0,2.0,54.0,3351.0
6224,14420.0,46.0,39019.0,0.0,36.0,4440.0
6228,15280.0,33.0,12291.0,2.0,64.0,4420.0
6231,8160.0,43.0,907.0,4.0,36.0,2829.0
6247,18800.0,37.0,9950.0,7.0,42.0,3693.0
6248,15070.0,25.0,0.0,2.0,44.0,2778.0
6254,11580.0,34.0,61320.0,5.0,36.0,3698.0
6256,15290.0,36.0,18004.0,0.0,35.0,3442.0
6260,11520.0,27.0,40248.0,1.0,38.0,4487.0
6261,8700.0,5.0,0.0,0.0,33.0,4575.0
6262,10060.0,27.0,3355.0,0.0,25.0,8199.0
6263,6000.0,39.0,35441.0,6.0,45.0,7108.0
6279,9790.0,45.0,55977.0,4.0,54.0,2379.0
6283,25120.0,15.0,40015.0,2.0,40.0,4274.0
6290,5900.0,65.0,0.0,7.0,44.0,2953.0
6298,5400.0,29.0,23919.0,4.0,39.0,5499.0
6308,16370.0,32.0,111701.0,1.0,44.0,5626.0
6309,29900.0,36.0,71544.0,0.0,50.0,2217.0
6314,16370.0,32.0,80153.0,0.0,61.0,2000.0
6319,5900.0,41.0,29914.0,1.0,44.0,3585.0
6322,5200.0,53.0,12216.0,2.0,38.0,2703.0
6327,26440.0,14.0,82565.0,0.0,40.0,5800.0
6328,3790.0,49.0,3871.0,8.0,19.0,3854.0
6329,1800.0,65.0,3044.0,4.0,49.0,4873.0
6342,10330.0,45.0,51724.0,2.0,29.0,4790.0
6345,7350.0,30.0,82536.0,2.0,49.0,1315.0
6349,15050.0,30.0,97059.0,0.0,57.0,2365.0
6352,2750.0,32.0,0.0,1.0,40.0,2149.0
6353,12170.0,31.0,49121.0,7.0,33.0,3527.0
6358,1500.0,24.0,0.0,9.0,48.0,3620.0
6360,21380.0,25.0,116247.0,0.0,39.0,5563.0
6366,26020.0,81.0,39055.0,5.0,41.0,4212.0
6369,16850.0,31.0,41359.0,4.0,53.0,6405.0
6371,1500.0,48.0,164420.0,2.0,54.0,3736.0
6378,11290.0,36.0,72334.0,4.0,51.0,3939.0
6385,1500.0,66.0,0.0,0.0,50.0,2663.0
6388,1500.0,44.0,0.0,1.0,45.0,5645.0
6392,15380.0,19.0,51551.0,3.0,38.0,3220.0
6396,8770.0,49.0,12301.0,11.0,22.0,2546.0
6402,42170.0,37.0,54877.0,0.0,55.0,1125.0
6403,6900.0,28.0,8467.0,0.0,45.0,6868.0
6406,23330.0,69.0,63364.0,0.0,35.0,5423.0
6413,10890.0,27.0,26606.0,0.0,31.0,2394.0
6427,8050.0,5.0,53431.0,5.0,43.0,4009.0
6436,6200.0,26.0,46952.0,0.0,50.0,3731.0
6440,18560.0,35.0,60432.0,0.0,60.0,7369.0
6446,7740.0,27.0,14410.0,3.0,48.0,7204.0
6452,23950.0,26.0,14320.0,0.0,38.0,6880.0
6457,18300.0,32.0,67112.0,7.0,62.0,4287.0
6465,7500.0,47.0,0.0,2.0,60.0,4586.0
6466,24520.0,36.0,0.0,8.0,43.0,3784.0
6474,9190.0,24.0,16919.0,0.0,60.0,2386.0
6480,37810.0,41.0,70198.0,0.0,52.0,934.0
6485,18270.0,20.0,30290.0,3.0,39.0,1841.0
6489,25090.0,30.0,57446.0,1.0,47.0,5324.0
6494,9750.0,51.0,0.0,7.0,38.0,4913.0
6497,13950.0,45.0,131766.0,0.0,36.0,4495.0
6499,11210.0,5.0,34199.0,4.0,64.0,8550.0
6501,3350.0,68.0,70750.0,3.0,39.0,3423.0
6507,11400.0,18.0,56969.0,5.0,42.0,4083.0
6510,44250.0,27.0,165769.0,8.0,44.0,3459.0
6512,9310.0,27.0,23094.0,0.0,39.0,3091.0
6521,5850.0,37.0,43476.0,0.0,38.0,5769.0
6526,19380.0,33.0,90326.0,0.0,40.0,4392.0
6535,18110.0,44.0,32033.0,7.0,57.0,5834.0
6537,17540.0,43.0,105992.0,0.0,35.0,4771.0
6538,22430.0,10.0,0.0,8.0,26.0,2357.0
6542,18900.0,5.0,51303.0,8.0,51.0,5374.0
6545,19620.0,70.0,62049.0,0.0,60.0,1151.0
6548,7770.0,28.0,22705.0,5.0,40.0,59.0
6562,5730.0,17.0,28634.0,5.0,60.0,471.0
6573,13850.0,12.0,18564.0,3.0,44.0,2059.0
6575,10170.0,6.0,13235.0,3.0,57.0,2422.0
6577,16810.0,37.0,105051.0,2.0,48.0,1894.0
6579,19450.0,64.0,126548.0,0.0,53.0,1058.0
6580,24850.0,27.0,56566.0,3.0,50.0,6691.0
6581,13020.0,25.0,75188.0,4.0,40.0,1436.0
6585,14060.0,54.0,56828.0,3.0,45.0,937.0
6587,17050.0,38.0,37794.0,4.0,55.0,5631.0
6590,5200.0,56.0,20145.0,0.0,38.0,5192.0
6592,11160.0,56.0,44866.0,9.0,63.0,5692.0
6599,19070.0,55.0,85273.0,5.0,40.0,4246.0
6602,18790.0,41.0,133920.0,0.0,39.0,4172.0
6610,25730.0,30.0,41230.0,10.0,38.0,6528.0
6613,12150.0,36.0,54297.0,0.0,63.0,2643.0
6621,19240.0,45.0,53041.0,9.0,33.0,2439.0
6623,15500.0,28.0,102020.0,5.0,38.0,3726.0
6637,16790.0,14.0,234825.0,7.0,44.0,4262.0
6644,26630.0,46.0,63301.0,1.0,52.0,5399.0
6646,21670.0,24.0,147351.0,0.0,52.0,5908.0
6648,24160.0,7.0,63260.0,9.0,48.0,1748.0
6652,5500.0,49.0,0.0,0.0,40.0,2295.0
6654,8090.0,20.0,15905.0,3.0,50.0,5982.0
6656,1500.0,22.0,0.0,7.0,44.0,7539.0
6659,12960.0,56.0,776.0,0.0,49.0,2027.0
6662,14210.0,12.0,89065.0,0.0,38.0,5143.0
6666,44130.0,28.0,59961.0,4.0,51.0,3509.0
6673,23380.0,62.0,148595.0,4.0,36.0,3488.0
6684,15380.0,36.0,127504.0,3.0,35.0,1973.0
6695,16730.0,15.0,70745.0,4.0,58.0,2318.0
6701,16280.0,38.0,0.0,2.0,36.0,727.0
6704,9720.0,26.0,40197.0,0.0,38.0,4322.0
6705,13540.0,27.0,77437.0,5.0,43.0,2323.0
6706,26020.0,42.0,7308.0,4.0,32.0,6506.0
6715,5950.0,49.0,5538.0,0.0,39.0,1097.0
6716,2070.0,42.0,5678.0,1.0,37.0,3327.0
6721,12350.0,22.0,47534.0,0.0,61.0,4578.0
6726,6300.0,38.0,33434.0,2.0,48.0,3682.0
6733,3680.0,46.0,37806.0,0.0,34.0,1324.0
6734,10780.0,25.0,44808.0,4.0,48.0,3806.0
6735,13510.0,5.0,70135.0,0.0,50.0,4667.0
6739,22060.0,47.0,136585.0,0.0,41.0,2489.0
6740,24660.0,29.0,56447.0,0.0,41.0,5901.0
6745,16880.0,34.0,0.0,0.0,38.0,2437.0
6746,30950.0,41.0,134582.0,1.0,51.0,6006.0
6747,18710.0,45.0,54922.0,0.0,35.0,1475.0
6749,12230.0,16.0,67700.0,7.0,40.0,5117.0
6750,6200.0,51.0,0.0,0.0,47.0,838.0
6752,4100.0,16.0,0.0,4.0,26.0,6167.0
6753,23270.0,40.0,18127.0,7.0,37.0,2745.0
6758,6000.0,28.0,111560.0,4.0,45.0,1379.0
6760,6440.0,48.0,49370.0,0.0,48.0,2590.0
6761,8650.0,32.0,14500.0,3.0,57.0,6579.0
6762,6600.0,48.0,28637.0,1.0,53.0,3352.0
6764,12510.0,36.0,24062.0,2.0,39.0,6481.0
6767,7780.0,52.0,23756.0,0.0,39.0,5431.0
6769,11670.0,5.0,73988.0,3.0,33.0,7476.0
6770,26480.0,30.0,180733.0,0.0,43.0,3467.0
6771,5330.0,24.0,38317.0,4.0,36.0,3008.0
6781,21780.0,13.0,23048.0,3.0,37.0,7234.0
6789,15370.0,27.0,0.0,4.0,28.0,2988.0
6792,38870.0,20.0,38871.0,1.0,46.0,2300.0
6795,26710.0,24.0,33332.0,0.0,48.0,3662.0
6800,10150.0,35.0,36504.0,4.0,50.0,2299.0
6805,8190.0,32.0,19063.0,6.0,32.0,2518.0
6808,26020.0,47.0,56946.0,0.0,67.0,1808.0
6809,6300.0,31.0,34390.0,4.0,49.0,4758.0
6813,11280.0,40.0,48198.0,7.0,48.0,867.0
6815,5000.0,46.0,71827.0,3.0,35.0,5979.0
6817,33500.0,42.0,217967.0,1.0,46.0,7698.0
6821,21990.0,69.0,26727.0,9.0,39.0,1433.0
6824,7100.0,45.0,0.0,0.0,56.0,5428.0
6827,12980.0,25.0,69777.0,4.0,41.0,2391.0
6828,15750.0,18.0,46087.0,4.0,59.0,2928.0
6830,10970.0,45.0,37694.0,2.0,57.0,4538.0
6831,40100.0,22.0,0.0,2.0,53.0,5725.0
6833,8950.0,51.0,34512.0,7.0,40.0,4696.0
6834,20140.0,14.0,32494.0,7.0,35.0,2483.0
6836,7020.0,26.0,55183.0,2.0,47.0,807.0
6843,14030.0,40.0,60349.0,1.0,65.0,5400.0
6845,12650.0,32.0,70478.0,2.0,41.0,3589.0
6846,5720.0,16.0,3241.0,0.0,39.0,3125.0
6848,16450.0,54.0,114506.0,2.0,35.0,5689.0
6852,7940.0,20.0,479.0,4.0,18.0,2927.0
6855,5600.0,31.0,38813.0,0.0,41.0,742.0
6860,19680.0,51.0,35457.0,2.0,45.0,4506.0
6865,6590.0,50.0,20575.0,4.0,58.0,4820.0
6869,1500.0,38.0,31392.0,1.0,47.0,1150.0
6876,5100.0,13.0,0.0,2.0,36.0,3317.0
6877,2990.0,31.0,14903.0,5.0,34.0,3776.0
6878,22160.0,45.0,134888.0,4.0,50.0,5322.0
6879,15780.0,65.0,35133.0,0.0,56.0,2773.0
6882,9640.0,13.0,41356.0,8.0,40.0,5253.0
6883,5500.0,25.0,92951.0,0.0,40.0,3321.0
6887,21360.0,28.0,36730.0,5.0,60.0,7359.0
6888,9880.0,21.0,40754.0,2.0,43.0,595.0
6891,6900.0,24.0,15927.0,3.0,36.0,4367.0
6892,11190.0,24.0,0.0,6.0,33.0,5987.0
6901,8940.0,38.0,35362.0,0.0,39.0,4347.0
6909,13870.0,35.0,67745.0,9.0,56.0,979.0
6911,22460.0,46.0,71827.0,7.0,35.0,2964.0
6919,22420.0,33.0,65442.0,1.0,45.0,3396.0
6922,23360.0,64.0,51371.0,3.0,49.0,3745.0
6924,13930.0,10.0,0.0,5.0,33.0,4910.0
6929,9360.0,13.0,3461.0,7.0,22.0,2444.0
6942,35500.0,55.0,8027.0,2.0,45.0,4740.0
6943,11100.0,19.0,0.0,3.0,41.0,1153.0
6944,6300.0,55.0,84042.0,2.0,48.0,2639.0
6945,14290.0,20.0,76916.0,4.0,51.0,1366.0
6948,10760.0,35.0,43560.0,3.0,49.0,4485.0
6961,12370.0,70.0,55659.0,1.0,53.0,3231.0
6963,16710.0,68.0,61705.0,0.0,45.0,5434.0
6967,8460.0,44.0,30618.0,4.0,39.0,2662.0
6969,7600.0,40.0,12981.0,5.0,48.0,2462.0
6972,17890.0,60.0,50879.0,0.0,35.0,594.0
6975,3980.0,69.0,803.0,0.0,24.0,714.0
6977,20580.0,41.0,51041.0,3.0,51.0,1107.0
6979,9550.0,19.0,37520.0,0.0,43.0,5700.0
6987,18510.0,37.0,57615.0,2.0,41.0,3698.0
7000,5800.0,62.0,44059.0,2.0,42.0,8671.0
7012,19840.0,19.0,22358.0,8.0,47.0,3824.0
7016,16380.0,29.0,33538.0,6.0,34.0,8623.0
7018,1500.0,25.0,116247.0,2.0,39.0,4168.0
7022,30390.0,16.0,70400.0,0.0,57.0,5097.0
7025,22780.0,21.0,61068.0,5.0,49.0,7111.0
7031,15020.0,57.0,103903.0,6.0,40.0,4290.0
7032,21070.0,23.0,39099.0,0.0,59.0,4666.0
7033,22480.0,50.0,39157.0,5.0,52.0,2996.0
7042,13500.0,40.0,119975.0,0.0,57.0,8521.0
7043,9210.0,13.0,26694.0,0.0,39.0,7442.0
7046,22440.0,53.0,67954.0,3.0,51.0,1741.0
7057,26920.0,52.0,15512.0,2.0,52.0,1972.0
7058,10420.0,58.0,89240.0,3.0,58.0,8712.0
7063,8090.0,51.0,65885.0,2.0,41.0,4390.0
7064,19390.0,32.0,51677.0,2.0,49.0,3643.0
7071,37070.0,15.0,78329.0,1.0,51.0,1264.0
7072,12570.0,31.0,45594.0,0.0,59.0,3141.0
7073,24900.0,52.0,8585.0,1.0,60.0,1511.0
7074,6300.0,58.0,116927.0,7.0,50.0,2641.0
7083,14330.0,24.0,41855.0,0.0,31.0,4448.0
7087,7730.0,38.0,4334.0,5.0,58.0,4906.0
7088,20630.0,14.0,81254.0,0.0,59.0,4970.0
7091,10530.0,50.0,16069.0,1.0,37.0,5072.0
7092,16400.0,60.0,96729.0,3.0,46.0,6978.0
7095,10880.0,49.0,48284.0,2.0,46.0,6663.0
7096,13590.0,34.0,78883.0,3.0,42.0,3270.0
7099,13160.0,22.0,77591.0,4.0,39.0,1710.0
7106,5700.0,10.0,36463.0,5.0,42.0,5662.0
7114,5900.0,40.0,0.0,0.0,44.0,8861.0
7116,5200.0,40.0,82971.0,6.0,37.0,5300.0
7120,1500.0,32.0,40681.0,1.0,50.0,602.0
7123,9390.0,30.0,5409.0,4.0,44.0,5063.0
7124,16130.0,41.0,9785.0,4.0,41.0,4748.0
7134,20520.0,34.0,215158.0,2.0,39.0,1643.0
7151,7410.0,47.0,23245.0,4.0,25.0,5642.0
7156,19620.0,44.0,67295.0,1.0,40.0,1619.0
7160,4800.0,41.0,55353.0,0.0,34.0,6961.0
7162,11550.0,43.0,49451.0,2.0,51.0,2746.0
7165,4300.0,49.0,0.0,6.0,28.0,2351.0
7169,17860.0,35.0,100099.0,1.0,52.0,5065.0
7179,23340.0,27.0,43301.0,8.0,42.0,3350.0
7181,19620.0,8.0,0.0,2.0,42.0,3089.0
7188,31440.0,34.0,73342.0,0.0,48.0,4691.0
7194,8080.0,48.0,65825.0,0.0,54.0,3238.0
7196,36350.0,33.0,162818.0,3.0,57.0,2106.0
7197,2800.0,30.0,12953.0,0.0,43.0,2112.0
7199,14990.0,39.0,44497.0,0.0,49.0,2668.0
7207,6200.0,27.0,30229.0,3.0,47.0,3043.0
7214,9580.0,41.0,80824.0,0.0,44.0,5453.0
7222,15810.0,40.0,81255.0,0.0,45.0,5951.0
7223,15770.0,9.0,6607.0,0.0,33.0,677.0
7224,5300.0,17.0,0.0,4.0,38.0,1897.0
7225,9930.0,58.0,59833.0,0.0,39.0,3521.0
7227,6100.0,9.0,31162.0,3.0,40.0,1737.0
7230,20510.0,16.0,0.0,7.0,27.0,5003.0
7231,9090.0,51.0,0.0,0.0,42.0,5400.0
7236,8770.0,36.0,35718.0,4.0,37.0,2144.0
7238,6990.0,33.0,54909.0,3.0,31.0,724.0
7239,11510.0,33.0,29955.0,1.0,45.0,7291.0
7241,7770.0,25.0,4716.0,1.0,54.0,6491.0
7251,44130.0,52.0,74343.0,0.0,51.0,4208.0
7259,24680.0,12.0,77344.0,2.0,48.0,6607.0
7264,9190.0,22.0,33888.0,5.0,43.0,3393.0
7267,22950.0,18.0,33087.0,6.0,35.0,4363.0
7273,8410.0,38.0,63990.0,3.0,46.0,3281.0
7290,27140.0,60.0,93870.0,3.0,50.0,7911.0
7296,14990.0,50.0,21001.0,5.0,38.0,2746.0
7299,4900.0,17.0,0.0,3.0,34.0,960.0
7304,17560.0,19.0,71179.0,5.0,38.0,2468.0
7305,8130.0,21.0,21335.0,10.0,45.0,1856.0
7308,18820.0,38.0,23553.0,2.0,28.0,6387.0
7309,6100.0,50.0,49680.0,0.0,46.0,7145.0
7311,12120.0,36.0,52206.0,8.0,54.0,5126.0
7319,30260.0,39.0,105307.0,3.0,38.0,1696.0
7320,18820.0,13.0,68485.0,0.0,46.0,5102.0
7328,33760.0,51.0,116092.0,7.0,37.0,6261.0
7330,8960.0,24.0,44609.0,0.0,30.0,5452.0
7332,13780.0,23.0,61105.0,0.0,40.0,3022.0
7333,13400.0,29.0,69071.0,1.0,43.0,2819.0
7336,10870.0,43.0,60707.0,3.0,33.0,3976.0
7348,26900.0,22.0,11545.0,3.0,52.0,721.0
7349,8860.0,12.0,73581.0,9.0,41.0,7491.0
7352,17680.0,52.0,88137.0,0.0,37.0,5847.0
7353,11230.0,43.0,53303.0,3.0,44.0,5458.0
7357,31000.0,46.0,36436.0,5.0,43.0,7199.0
7365,21390.0,55.0,52722.0,0.0,54.0,6093.0
7369,6500.0,61.0,42226.0,0.0,50.0,4477.0
7370,14320.0,46.0,96291.0,5.0,35.0,1700.0
7376,4900.0,26.0,0.0,2.0,34.0,1443.0
7377,3790.0,49.0,3871.0,4.0,19.0,4386.0
7380,5500.0,5.0,63913.0,1.0,40.0,3549.0
7383,5200.0,58.0,158489.0,1.0,37.0,1137.0
7384,14080.0,44.0,0.0,1.0,43.0,3211.0
7389,16220.0,14.0,58914.0,2.0,40.0,4623.0
7391,14480.0,33.0,38388.0,7.0,46.0,5761.0
7405,29850.0,48.0,80127.0,3.0,45.0,5181.0
7407,11730.0,58.0,0.0,9.0,34.0,5082.0
7418,15850.0,46.0,32265.0,0.0,40.0,5105.0
7420,38200.0,24.0,164848.0,4.0,55.0,3982.0
7421,23320.0,44.0,16436.0,0.0,34.0,4878.0
7435,16050.0,50.0,84255.0,4.0,32.0,2121.0
7442,10550.0,41.0,51524.0,7.0,39.0,3857.0
7444,10960.0,23.0,13991.0,1.0,23.0,6850.0
7448,6600.0,56.0,18273.0,5.0,51.0,5176.0
7451,20540.0,44.0,115320.0,3.0,49.0,2285.0
7452,11160.0,16.0,60589.0,2.0,36.0,779.0
7455,12640.0,36.0,48144.0,3.0,53.0,4626.0
7461,10340.0,15.0,45416.0,3.0,43.0,9605.0
7470,19030.0,56.0,127253.0,1.0,48.0,6770.0
7471,14640.0,22.0,62290.0,0.0,38.0,3667.0
7475,31810.0,44.0,0.0,0.0,34.0,8138.0
7480,12270.0,5.0,0.0,4.0,36.0,7106.0
7481,7670.0,24.0,23711.0,5.0,38.0,5759.0
7482,11500.0,41.0,65166.0,0.0,45.0,5866.0
7487,16560.0,45.0,75263.0,3.0,36.0,5831.0
7490,27540.0,25.0,136371.0,3.0,46.0,4059.0
7494,17750.0,20.0,41796.0,0.0,43.0,4136.0
7498,6300.0,37.0,0.0,3.0,48.0,361.0
7500,22500.0,17.0,0.0,5.0,27.0,1220.0
7502,19790.0,34.0,36626.0,4.0,58.0,4629.0
7503,10860.0,21.0,25972.0,4.0,53.0,4797.0
7506,25950.0,38.0,104682.0,8.0,44.0,1751.0
7510,15270.0,64.0,77658.0,7.0,60.0,840.0
7511,11780.0,41.0,62849.0,3.0,40.0,3659.0
7514,31500.0,25.0,30848.0,3.0,37.0,3425.0
7521,9920.0,36.0,24498.0,0.0,40.0,3076.0
7526,28190.0,22.0,98273.0,1.0,34.0,4093.0
7528,4900.0,5.0,26777.0,7.0,34.0,9769.0
7529,10810.0,51.0,93067.0,2.0,36.0,3489.0
7533,4630.0,45.0,20631.0,0.0,30.0,1875.0
7541,11010.0,38.0,48983.0,0.0,49.0,3226.0
7545,8260.0,15.0,59566.0,1.0,40.0,1139.0
7546,21470.0,42.0,0.0,2.0,53.0,1441.0
7550,10810.0,26.0,48124.0,0.0,45.0,1030.0
7551,9610.0,53.0,34132.0,3.0,47.0,5479.0
7553,27450.0,5.0,24469.0,4.0,44.0,7338.0
7557,20580.0,22.0,55123.0,0.0,39.0,5792.0
7561,9070.0,59.0,23714.0,3.0,52.0,5338.0
7566,6460.0,5.0,49576.0,1.0,25.0,2576.0
7569,21460.0,19.0,27652.0,0.0,53.0,2150.0
7577,34920.0,26.0,64947.0,0.0,36.0,1985.0
7578,17200.0,35.0,42687.0,6.0,26.0,4130.0
7579,26530.0,31.0,74706.0,8.0,41.0,4665.0
7586,11230.0,32.0,55328.0,2.0,42.0,3381.0
7595,1650.0,12.0,8234.0,3.0,45.0,5238.0
7598,8270.0,41.0,41746.0,0.0,26.0,3544.0
7600,19120.0,24.0,23264.0,3.0,62.0,2573.0
7611,4900.0,33.0,62783.0,7.0,35.0,7327.0
7615,14690.0,46.0,95942.0,6.0,36.0,2124.0
7617,15220.0,53.0,2724.0,0.0,58.0,1651.0
7629,8350.0,29.0,27521.0,0.0,41.0,2849.0
7633,11960.0,10.0,63610.0,3.0,41.0,3335.0
7637,17140.0,26.0,70840.0,5.0,46.0,5323.0
7645,10100.0,39.0,35436.0,4.0,57.0,4857.0
7646,19010.0,43.0,34033.0,5.0,62.0,7843.0
7650,4900.0,36.0,0.0,0.0,34.0,3883.0
7658,7620.0,33.0,7832.0,11.0,26.0,942.0
7668,26840.0,36.0,51120.0,2.0,44.0,4373.0
7673,12040.0,32.0,33953.0,0.0,46.0,2535.0
7675,22960.0,28.0,13765.0,0.0,39.0,3505.0
7683,8920.0,12.0,18237.0,0.0,56.0,2939.0
7685,43290.0,38.0,77508.0,1.0,42.0,1923.0
7687,15890.0,39.0,0.0,0.0,34.0,5586.0
7690,13650.0,5.0,55447.0,0.0,49.0,1158.0
7691,25190.0,17.0,27008.0,5.0,34.0,1562.0
7699,9670.0,38.0,15385.0,0.0,44.0,4614.0
7701,10830.0,59.0,10852.0,1.0,27.0,3392.0
7705,9460.0,41.0,30069.0,1.0,40.0,7345.0
7712,4740.0,48.0,70862.0,0.0,39.0,5005.0
7718,20260.0,24.0,0.0,4.0,38.0,3833.0
7724,9490.0,25.0,79899.0,0.0,44.0,4081.0
7727,19810.0,89.0,70618.0,0.0,66.0,7539.0
7730,19030.0,57.0,58251.0,0.0,43.0,4783.0
7734,12890.0,23.0,43393.0,1.0,52.0,5254.0
7735,13140.0,51.0,0.0,0.0,32.0,5273.0
7742,15080.0,28.0,5228.0,4.0,19.0,7085.0
7745,7750.0,26.0,24814.0,1.0,28.0,3513.0
7748,24330.0,36.0,112465.0,0.0,46.0,5992.0
7749,6800.0,6.0,0.0,1.0,53.0,1911.0
7755,4510.0,48.0,30111.0,9.0,35.0,2976.0
7759,7280.0,43.0,54807.0,2.0,47.0,3012.0
7762,15100.0,30.0,19759.0,4.0,42.0,2972.0
7763,9010.0,58.0,28107.0,3.0,47.0,3169.0
7768,6800.0,81.0,41924.0,0.0,53.0,3998.0
7770,13810.0,31.0,4564.0,0.0,32.0,7802.0
7772,14910.0,40.0,78458.0,0.0,66.0,4771.0
7773,17430.0,47.0,67700.0,4.0,40.0,4848.0
7784,5530.0,46.0,40277.0,6.0,42.0,4927.0
7790,5320.0,21.0,12240.0,0.0,26.0,3758.0
7795,5620.0,30.0,65483.0,0.0,41.0,1331.0
7796,8760.0,21.0,24601.0,1.0,48.0,3455.0
7802,17400.0,11.0,30956.0,3.0,50.0,4536.0
7805,8350.0,59.0,32474.0,0.0,36.0,5282.0
7817,37510.0,34.0,108990.0,0.0,61.0,8420.0
7821,6950.0,5.0,18047.0,1.0,35.0,6503.0
7823,17630.0,18.0,29928.0,2.0,48.0,3161.0
7824,22460.0,29.0,160103.0,0.0,50.0,3801.0
7828,13340.0,31.0,72383.0,0.0,46.0,1592.0
7842,17160.0,12.0,71235.0,0.0,43.0,4340.0
7866,7040.0,50.0,23427.0,1.0,28.0,5618.0
7867,14810.0,46.0,0.0,2.0,40.0,3029.0
7871,11930.0,40.0,47907.0,6.0,45.0,1538.0
7872,39540.0,30.0,95903.0,6.0,41.0,6693.0
7878,4300.0,27.0,0.0,0.0,28.0,3490.0
7881,19760.0,36.0,62971.0,10.0,35.0,2716.0
7883,23610.0,57.0,78260.0,9.0,35.0,4363.0
7884,7410.0,29.0,0.0,8.0,32.0,2922.0
7886,4310.0,33.0,28065.0,0.0,38.0,781.0
7889,16700.0,52.0,16720.0,5.0,32.0,3970.0
7890,21660.0,38.0,36844.0,7.0,36.0,8060.0
7896,12310.0,45.0,51165.0,0.0,45.0,4953.0
7903,6400.0,33.0,9444.0,4.0,49.0,4735.0
7904,8000.0,36.0,32924.0,4.0,37.0,7640.0
7908,4200.0,12.0,0.0,2.0,27.0,1453.0
7910,26620.0,22.0,0.0,2.0,53.0,5728.0
7912,29700.0,34.0,97670.0,0.0,56.0,2313.0
7922,26520.0,50.0,13637.0,1.0,47.0,3969.0
7923,10620.0,29.0,5263.0,2.0,50.0,1114.0
7927,10280.0,42.0,47841.0,4.0,40.0,830.0
7931,7210.0,44.0,12106.0,2.0,45.0,5109.0
7940,7320.0,58.0,31168.0,1.0,27.0,6023.0
7947,25780.0,15.0,197836.0,1.0,45.0,2411.0
7948,24710.0,17.0,101222.0,3.0,33.0,4249.0
7949,9030.0,50.0,26425.0,6.0,37.0,7800.0
7961,23110.0,21.0,79801.0,2.0,36.0,4993.0
7963,18080.0,19.0,122806.0,4.0,43.0,4004.0
7965,6730.0,40.0,91589.0,0.0,50.0,6907.0
7968,26630.0,26.0,80217.0,6.0,59.0,5601.0
7970,17160.0,23.0,108601.0,4.0,48.0,710.0
7979,16670.0,52.0,0.0,0.0,33.0,3966.0
7985,1500.0,50.0,6393.0,5.0,31.0,2892.0
7986,6830.0,43.0,24276.0,5.0,29.0,4138.0
7987,23120.0,24.0,149453.0,1.0,38.0,7765.0
7988,9530.0,33.0,21696.0,4.0,41.0,4308.0
7995,23940.0,37.0,14640.0,2.0,45.0,7861.0
7998,16410.0,30.0,56347.0,0.0,26.0,4681.0
8009,17270.0,34.0,106722.0,2.0,51.0,6001.0
8011,14000.0,34.0,66525.0,1.0,39.0,4953.0
8014,12160.0,32.0,67608.0,3.0,39.0,6190.0
8018,18260.0,66.0,24506.0,0.0,32.0,3585.0
8028,13390.0,24.0,29206.0,0.0,32.0,7776.0
8036,23260.0,37.0,83521.0,2.0,58.0,1322.0
8048,9360.0,38.0,47629.0,0.0,31.0,692.0
8061,1500.0,18.0,6018.0,1.0,36.0,4286.0
8063,12710.0,28.0,54028.0,1.0,57.0,4903.0
8065,7700.0,55.0,111656.0,5.0,43.0,1956.0
8066,32020.0,48.0,161846.0,0.0,34.0,6250.0
8084,24600.0,25.0,34658.0,1.0,36.0,706.0
8089,5470.0,51.0,66859.0,0.0,36.0,7841.0
8094,11320.0,66.0,9761.0,10.0,24.0,2009.0
8097,5500.0,31.0,35660.0,1.0,40.0,3432.0
8109,20450.0,48.0,28045.0,4.0,44.0,3454.0
8112,18490.0,61.0,96659.0,0.0,48.0,1853.0
8115,7250.0,32.0,22543.0,0.0,35.0,4198.0
8121,1500.0,5.0,0.0,6.0,61.0,1993.0
8125,7520.0,5.0,60217.0,0.0,44.0,8284.0
8128,18060.0,31.0,156532.0,4.0,42.0,6222.0
8132,26370.0,43.0,131311.0,7.0,50.0,4753.0
8135,1500.0,17.0,0.0,4.0,44.0,2327.0
8145,20520.0,33.0,69879.0,6.0,58.0,6001.0
8151,5800.0,55.0,72894.0,3.0,43.0,7505.0
8153,8310.0,27.0,24091.0,0.0,44.0,4301.0
8163,9830.0,41.0,31873.0,0.0,49.0,6088.0
8170,12150.0,19.0,63511.0,3.0,43.0,3686.0
8171,24180.0,32.0,61486.0,0.0,53.0,3822.0
8177,6710.0,45.0,63269.0,0.0,53.0,8067.0
8181,23020.0,21.0,42229.0,2.0,38.0,1232.0
8183,11910.0,40.0,0.0,2.0,44.0,7907.0
8185,26310.0,20.0,174140.0,1.0,62.0,3331.0
8192,10320.0,55.0,84042.0,2.0,48.0,2524.0
8193,10310.0,44.0,50104.0,5.0,38.0,5610.0
8196,5950.0,27.0,0.0,3.0,25.0,7862.0
8198,11220.0,48.0,75161.0,5.0,44.0,7833.0
8200,24770.0,27.0,5590.0,0.0,37.0,3682.0
8203,1500.0,22.0,12546.0,0.0,36.0,867.0
8207,14860.0,41.0,32028.0,4.0,52.0,7027.0
8208,18710.0,22.0,49957.0,1.0,45.0,2175.0
8213,26350.0,10.0,12891.0,4.0,28.0,3350.0
8225,19710.0,27.0,60522.0,0.0,42.0,2012.0
8226,21990.0,24.0,21571.0,3.0,38.0,1683.0
8229,8130.0,27.0,60115.0,0.0,54.0,6424.0
8233,4500.0,60.0,0.0,3.0,30.0,5555.0
8237,10000.0,37.0,36954.0,3.0,48.0,3549.0
8243,6200.0,24.0,0.0,2.0,49.0,8584.0
8245,4500.0,26.0,27439.0,0.0,31.0,347.0
8247,11530.0,22.0,62290.0,2.0,38.0,9249.0
8248,5110.0,35.0,3068.0,0.0,33.0,5779.0
8249,22110.0,53.0,177562.0,3.0,46.0,4395.0
8250,33550.0,36.0,80016.0,0.0,48.0,4043.0
8251,31510.0,36.0,30089.0,4.0,31.0,4321.0
8252,7500.0,33.0,71840.0,4.0,60.0,2628.0
8253,9340.0,40.0,23655.0,4.0,46.0,8696.0
8255,5400.0,44.0,133060.0,1.0,39.0,3427.0
8256,15570.0,36.0,67168.0,0.0,27.0,5648.0
8260,19860.0,36.0,66522.0,0.0,46.0,3720.0
8269,13200.0,49.0,22901.0,1.0,32.0,1282.0
8271,4800.0,25.0,31675.0,0.0,33.0,224.0
8273,6100.0,53.0,0.0,5.0,46.0,6611.0
8276,11410.0,46.0,36115.0,3.0,43.0,1664.0
8282,24380.0,34.0,123223.0,0.0,48.0,3760.0
8286,28800.0,48.0,122598.0,4.0,37.0,2075.0
8293,6300.0,24.0,49551.0,2.0,48.0,1133.0
8298,21380.0,45.0,0.0,7.0,33.0,4220.0
8299,6600.0,35.0,30531.0,6.0,51.0,4370.0
8309,14380.0,25.0,58248.0,2.0,30.0,2573.0
8315,20610.0,25.0,30182.0,2.0,67.0,5391.0
8316,12070.0,28.0,40069.0,7.0,44.0,8116.0
8317,7440.0,33.0,22401.0,6.0,37.0,5186.0
8332,8760.0,55.0,46604.0,9.0,26.0,9235.0
8333,5400.0,10.0,0.0,0.0,39.0,4036.0
8334,26880.0,21.0,105796.0,0.0,42.0,4541.0
8335,11730.0,46.0,70298.0,5.0,32.0,1882.0
8337,5400.0,5.0,0.0,6.0,39.0,4743.0
8341,14410.0,39.0,21238.0,3.0,46.0,3050.0
8353,7300.0,34.0,62177.0,0.0,38.0,30.0
8358,3920.0,59.0,34606.0,1.0,48.0,3278.0
8361,6050.0,8.0,21455.0,6.0,24.0,6049.0
8363,11860.0,57.0,39975.0,0.0,55.0,2200.0
8366,17650.0,52.0,0.0,3.0,25.0,8139.0
8367,16850.0,22.0,42209.0,1.0,63.0,1467.0
8368,6350.0,35.0,3532.0,2.0,45.0,2517.0
8370,10390.0,38.0,50295.0,1.0,49.0,6499.0
8377,42320.0,33.0,94059.0,0.0,39.0,2638.0
8382,9610.0,44.0,53169.0,5.0,36.0,8220.0
8384,23660.0,42.0,6930.0,1.0,32.0,2528.0
8389,13880.0,21.0,86754.0,2.0,37.0,1483.0
8390,13240.0,51.0,66175.0,4.0,37.0,686.0
8391,30130.0,24.0,0.0,0.0,45.0,1874.0
8394,10230.0,20.0,11515.0,2.0,48.0,5429.0
8396,14460.0,48.0,26156.0,0.0,45.0,5424.0
8408,12820.0,44.0,38371.0,6.0,55.0,2927.0
8420,15210.0,54.0,14129.0,7.0,41.0,4592.0
8423,10410.0,51.0,46119.0,0.0,43.0,3905.0
8426,6000.0,30.0,15958.0,4.0,29.0,1541.0
8429,2160.0,26.0,38338.0,3.0,56.0,5296.0
8435,38900.0,36.0,110251.0,3.0,39.0,3498.0
8437,10490.0,22.0,39861.0,0.0,50.0,5358.0
8439,1500.0,9.0,109361.0,0.0,45.0,762.0
8443,11460.0,29.0,66604.0,3.0,33.0,3351.0
8446,4200.0,29.0,64412.0,6.0,27.0,5354.0
8448,5200.0,13.0,19742.0,2.0,34.0,3336.0
8450,7700.0,33.0,62010.0,2.0,37.0,5179.0
8451,29850.0,33.0,99963.0,3.0,52.0,2985.0
8459,16230.0,38.0,174355.0,0.0,55.0,4284.0
8460,10110.0,9.0,6249.0,2.0,31.0,4066.0
8477,23790.0,16.0,34503.0,0.0,36.0,2611.0
8489,8110.0,43.0,24076.0,5.0,42.0,2277.0
8493,6200.0,30.0,0.0,2.0,47.0,2380.0
8499,9400.0,63.0,46671.0,3.0,43.0,7571.0
8503,5400.0,53.0,72695.0,2.0,39.0,3774.0
8514,8620.0,33.0,44208.0,5.0,27.0,3280.0
8518,33110.0,30.0,39564.0,0.0,43.0,5273.0
8519,7240.0,41.0,40252.0,0.0,40.0,1207.0
8520,11780.0,64.0,44614.0,6.0,42.0,7893.0
8526,8330.0,38.0,52586.0,0.0,39.0,3829.0
8528,6850.0,17.0,24464.0,4.0,29.0,1807.0
8533,38290.0,25.0,151979.0,1.0,48.0,8363.0
8535,22330.0,16.0,55492.0,3.0,24.0,3033.0
8536,15700.0,28.0,38111.0,2.0,63.0,8633.0
8539,9310.0,39.0,62924.0,0.0,55.0,9543.0
8548,13540.0,45.0,64993.0,4.0,53.0,1538.0
8552,5820.0,40.0,13186.0,2.0,30.0,3518.0
8558,10750.0,42.0,48525.0,4.0,44.0,5153.0
8565,5500.0,40.0,0.0,5.0,40.0,4622.0
8569,20080.0,5.0,42141.0,2.0,39.0,5247.0
8577,18850.0,28.0,35714.0,1.0,25.0,4934.0
8580,5620.0,39.0,3151.0,0.0,38.0,4102.0
8582,10980.0,5.0,66783.0,3.0,28.0,2730.0
8592,8850.0,16.0,73806.0,0.0,48.0,2251.0
8599,28620.0,28.0,0.0,1.0,49.0,4306.0
8602,15870.0,35.0,41345.0,6.0,54.0,5161.0
8614,1500.0,47.0,34449.0,3.0,48.0,3374.0
8615,18170.0,45.0,50613.0,4.0,42.0,2581.0
8618,9200.0,34.0,22362.0,5.0,36.0,3404.0
8626,6000.0,41.0,44977.0,6.0,51.0,4824.0
8651,12720.0,33.0,66222.0,5.0,46.0,879.0
8657,1500.0,25.0,51358.0,0.0,36.0,4940.0
8671,19240.0,62.0,0.0,3.0,52.0,1840.0
8673,10410.0,15.0,54216.0,3.0,46.0,2349.0
8675,26220.0,39.0,41196.0,4.0,31.0,5632.0
8676,16710.0,43.0,73830.0,0.0,54.0,2635.0
8679,6860.0,32.0,58132.0,3.0,48.0,1978.0
8683,1500.0,41.0,53354.0,0.0,61.0,1459.0
8692,14560.0,34.0,3103.0,3.0,60.0,4460.0
8693,4100.0,35.0,157649.0,3.0,26.0,3851.0
8697,1500.0,22.0,0.0,0.0,52.0,2344.0
8700,1500.0,27.0,0.0,6.0,50.0,6203.0
8702,17350.0,17.0,0.0,7.0,25.0,3311.0
8703,17650.0,40.0,54841.0,3.0,47.0,2724.0
8704,10040.0,8.0,39393.0,0.0,46.0,1107.0
8716,11920.0,35.0,45464.0,4.0,37.0,4165.0
8723,2590.0,27.0,0.0,1.0,50.0,1373.0
8727,28690.0,45.0,43393.0,0.0,58.0,6528.0
8731,41440.0,53.0,193618.0,3.0,57.0,4117.0
8733,9090.0,35.0,34208.0,2.0,46.0,2582.0
8741,21920.0,32.0,39710.0,0.0,30.0,3853.0
8750,9310.0,57.0,3663.0,4.0,47.0,3344.0
8760,5980.0,66.0,44770.0,4.0,48.0,3539.0
8771,15390.0,46.0,48696.0,1.0,47.0,1469.0
8773,21680.0,46.0,111268.0,3.0,45.0,5329.0
8778,27240.0,35.0,43910.0,0.0,28.0,3979.0
8783,13890.0,5.0,16571.0,1.0,27.0,3444.0
8784,21760.0,28.0,67258.0,1.0,49.0,5521.0
8790,23830.0,30.0,16829.0,0.0,37.0,5159.0
8795,8620.0,24.0,77.0,5.0,37.0,726.0
8808,8330.0,77.0,18154.0,2.0,44.0,6293.0
8811,10050.0,60.0,17686.0,0.0,27.0,2103.0
8812,18180.0,53.0,61214.0,0.0,47.0,4232.0
8820,6220.0,25.0,79664.0,1.0,44.0,1168.0
8828,5000.0,14.0,61486.0,3.0,35.0,3981.0
8841,27240.0,39.0,67216.0,8.0,41.0,1921.0
8842,17440.0,32.0,101448.0,0.0,58.0,1261.0
8844,4680.0,33.0,31436.0,3.0,50.0,2977.0
8850,21880.0,20.0,43386.0,1.0,40.0,4185.0
8857,6210.0,38.0,34057.0,6.0,36.0,7345.0
8859,40880.0,18.0,119273.0,1.0,53.0,3041.0
8863,5430.0,35.0,4290.0,6.0,35.0,4405.0
8870,17370.0,60.0,2511.0,1.0,44.0,4337.0
8879,10910.0,35.0,44200.0,2.0,44.0,3887.0
8895,6200.0,17.0,0.0,0.0,47.0,5899.0
8896,8390.0,24.0,66942.0,3.0,59.0,6639.0
8897,9690.0,60.0,36912.0,0.0,45.0,4290.0
8903,5580.0,5.0,0.0,11.0,37.0,7552.0
8904,10320.0,33.0,29081.0,1.0,43.0,4322.0
8908,8860.0,35.0,1729.0,0.0,38.0,7052.0
8912,6700.0,26.0,0.0,2.0,52.0,6752.0
8919,25040.0,50.0,47689.0,1.0,34.0,3964.0
8920,13580.0,35.0,67799.0,0.0,53.0,5787.0
8922,26780.0,65.0,114032.0,3.0,40.0,5438.0
8927,4690.0,20.0,25371.0,3.0,49.0,2928.0
8931,7220.0,17.0,54275.0,5.0,30.0,1691.0
8937,15770.0,22.0,41424.0,2.0,36.0,615.0
8940,22050.0,19.0,47590.0,1.0,62.0,2492.0
8947,11120.0,13.0,8458.0,0.0,24.0,4737.0
8951,18850.0,31.0,70408.0,3.0,33.0,2907.0
8952,19610.0,64.0,98347.0,0.0,50.0,7635.0
8953,17850.0,18.0,123954.0,3.0,53.0,5188.0
8958,16020.0,6.0,28902.0,5.0,34.0,4442.0
8960,5130.0,10.0,39741.0,9.0,35.0,3492.0
8963,14520.0,47.0,36330.0,3.0,39.0,1779.0
8964,21800.0,38.0,82503.0,0.0,47.0,4055.0
8968,16360.0,39.0,11977.0,2.0,57.0,3654.0
8970,16140.0,42.0,80108.0,0.0,50.0,3953.0
8974,22560.0,36.0,82527.0,2.0,38.0,2413.0
8975,3930.0,57.0,50491.0,4.0,43.0,6730.0
8977,18290.0,42.0,90153.0,3.0,45.0,3182.0
8978,9010.0,54.0,24666.0,1.0,24.0,4515.0
8980,2670.0,15.0,11664.0,0.0,24.0,5100.0
8982,18130.0,32.0,109957.0,4.0,41.0,5853.0
8985,20200.0,27.0,69335.0,2.0,53.0,1363.0
8999,23530.0,22.0,119904.0,2.0,46.0,2758.0
9000,6900.0,36.0,0.0,0.0,54.0,554.0
9005,6800.0,29.0,0.0,1.0,53.0,8131.0
9007,16640.0,37.0,65968.0,0.0,57.0,3773.0
9013,9030.0,10.0,5846.0,0.0,47.0,5440.0
9022,31810.0,39.0,124829.0,0.0,44.0,895.0
9024,28090.0,57.0,36217.0,0.0,37.0,2782.0
9027,16710.0,50.0,90940.0,0.0,47.0,1487.0
9045,11840.0,40.0,28808.0,2.0,47.0,2440.0
9046,11770.0,37.0,69789.0,5.0,26.0,2992.0
9049,7600.0,52.0,57095.0,7.0,61.0,5603.0
9054,24820.0,50.0,39753.0,0.0,40.0,3985.0
9061,19580.0,22.0,135768.0,6.0,45.0,3952.0
9062,16810.0,5.0,41712.0,1.0,58.0,4366.0
9069,12160.0,50.0,25536.0,1.0,44.0,1257.0
9070,24810.0,21.0,79801.0,2.0,36.0,5524.0
9082,13260.0,18.0,36110.0,4.0,46.0,3793.0
9091,28840.0,16.0,58025.0,0.0,43.0,3905.0
9093,28140.0,5.0,52002.0,0.0,60.0,4356.0
9096,12470.0,14.0,0.0,4.0,33.0,2705.0
9097,15100.0,23.0,36015.0,1.0,50.0,3955.0
9098,14340.0,15.0,28719.0,0.0,34.0,6132.0
9099,33910.0,35.0,82505.0,2.0,40.0,5477.0
9100,17790.0,60.0,137666.0,8.0,62.0,6079.0
9104,15550.0,52.0,40851.0,2.0,32.0,2943.0
9106,18210.0,23.0,115075.0,3.0,52.0,5314.0
9107,22810.0,53.0,37536.0,10.0,19.0,3917.0
9120,9240.0,75.0,36113.0,5.0,28.0,4546.0
9128,21510.0,32.0,31259.0,0.0,36.0,5571.0
9129,15180.0,39.0,48490.0,0.0,39.0,4703.0
9130,21340.0,60.0,82885.0,1.0,48.0,1467.0
9131,17890.0,25.0,0.0,0.0,47.0,3968.0
9135,7900.0,31.0,24722.0,10.0,26.0,2627.0
9136,4790.0,27.0,32880.0,3.0,55.0,1100.0
9144,6130.0,49.0,0.0,0.0,30.0,3096.0
9152,13190.0,43.0,104424.0,2.0,36.0,5937.0
9161,4980.0,38.0,26634.0,7.0,57.0,8362.0
9169,17260.0,53.0,66200.0,1.0,44.0,629.0
9172,10130.0,38.0,34586.0,7.0,30.0,5771.0
9174,4300.0,39.0,0.0,0.0,28.0,5255.0
9176,8140.0,9.0,31407.0,0.0,35.0,4760.0
9177,40520.0,43.0,118155.0,4.0,57.0,839.0
9198,14580.0,50.0,117470.0,0.0,53.0,2933.0
9203,20040.0,29.0,128441.0,7.0,57.0,1497.0
9204,11100.0,18.0,55380.0,7.0,56.0,4530.0
9215,18640.0,36.0,49917.0,2.0,46.0,1909.0
9222,16760.0,20.0,27688.0,3.0,55.0,2887.0
9225,15840.0,39.0,10405.0,1.0,27.0,6763.0
9227,11630.0,58.0,77830.0,2.0,38.0,7099.0
9230,15440.0,22.0,51343.0,4.0,57.0,6062.0
9234,19980.0,12.0,45843.0,0.0,34.0,3138.0
9238,4950.0,45.0,0.0,4.0,28.0,5094.0
9241,18680.0,34.0,76901.0,0.0,47.0,1525.0
9244,27830.0,20.0,72840.0,7.0,58.0,4743.0
9246,21090.0,38.0,90610.0,6.0,43.0,2363.0
9250,24980.0,25.0,52942.0,2.0,41.0,4398.0
9255,18270.0,33.0,158.0,0.0,36.0,4023.0
9256,4800.0,6.0,23636.0,0.0,38.0,6882.0
9262,19980.0,13.0,72037.0,0.0,51.0,3350.0
9267,10070.0,53.0,2141.0,1.0,44.0,2902.0
9273,12540.0,19.0,51425.0,3.0,59.0,3398.0
9276,7620.0,5.0,50323.0,1.0,47.0,2637.0
9277,17520.0,35.0,41901.0,0.0,42.0,6764.0
9279,7660.0,29.0,39512.0,1.0,39.0,1634.0
9285,10300.0,50.0,34313.0,8.0,48.0,3304.0
9291,14590.0,36.0,0.0,4.0,63.0,6005.0
9293,19230.0,25.0,135276.0,0.0,42.0,4803.0
9294,10250.0,48.0,54480.0,5.0,33.0,5077.0
9296,27800.0,25.0,70682.0,0.0,48.0,2582.0
9302,26470.0,5.0,147923.0,0.0,51.0,2440.0
9307,16230.0,25.0,24660.0,0.0,41.0,3884.0
9310,22340.0,29.0,46396.0,0.0,53.0,1157.0
9312,9680.0,28.0,17224.0,1.0,48.0,1824.0
9316,6690.0,38.0,0.0,0.0,40.0,4454.0
9326,5400.0,55.0,0.0,6.0,39.0,4226.0
9330,1500.0,42.0,0.0,1.0,41.0,5050.0
9335,19560.0,44.0,113754.0,6.0,61.0,344.0
9338,38500.0,53.0,76091.0,1.0,50.0,5548.0
9343,22180.0,17.0,144823.0,0.0,62.0,4600.0
9346,6200.0,5.0,28750.0,2.0,47.0,5084.0
9349,27260.0,40.0,47213.0,1.0,47.0,9082.0
9353,16720.0,32.0,0.0,0.0,57.0,2358.0
9354,6400.0,23.0,55015.0,5.0,49.0,3921.0
9358,8840.0,81.0,17671.0,1.0,50.0,1750.0
9365,11940.0,26.0,163219.0,1.0,51.0,2776.0
9366,11240.0,30.0,17461.0,0.0,60.0,5317.0
9372,7170.0,26.0,56731.0,0.0,47.0,2107.0
9376,18110.0,43.0,77432.0,0.0,41.0,3332.0
9380,6200.0,5.0,0.0,6.0,47.0,2024.0
9382,10600.0,37.0,50008.0,0.0,41.0,3278.0
9388,20150.0,10.0,35263.0,0.0,27.0,6623.0
9390,1500.0,35.0,0.0,0.0,46.0,3850.0
9391,7440.0,42.0,56237.0,2.0,46.0,5268.0
9400,29370.0,15.0,113004.0,3.0,46.0,4637.0
9407,18610.0,97.0,0.0,2.0,46.0,6909.0
9409,17800.0,23.0,49485.0,6.0,26.0,838.0
9410,18040.0,28.0,0.0,6.0,47.0,1306.0
9411,19260.0,57.0,40264.0,3.0,57.0,3305.0
9412,16110.0,51.0,34581.0,1.0,30.0,3621.0
9413,7620.0,16.0,47513.0,3.0,49.0,7558.0
9419,21530.0,43.0,64160.0,4.0,38.0,3386.0
9434,22610.0,41.0,39480.0,4.0,54.0,2818.0
9437,2720.0,51.0,12179.0,5.0,39.0,2451.0
9439,12150.0,42.0,106523.0,0.0,59.0,708.0
9441,16450.0,36.0,55260.0,2.0,60.0,3646.0
9443,15610.0,40.0,0.0,2.0,29.0,5530.0
9446,14340.0,27.0,42313.0,4.0,51.0,4929.0
9447,17050.0,48.0,0.0,9.0,55.0,4112.0
9450,5300.0,57.0,20046.0,2.0,55.0,4218.0
9454,6650.0,38.0,27547.0,4.0,24.0,6124.0
9456,15120.0,38.0,78372.0,0.0,42.0,531.0
9463,13660.0,32.0,65885.0,0.0,41.0,3844.0
9467,34210.0,44.0,55340.0,5.0,42.0,4570.0
9470,7270.0,25.0,0.0,0.0,46.0,4573.0
9475,7800.0,17.0,42862.0,0.0,63.0,4491.0
9477,11210.0,23.0,53122.0,0.0,44.0,6961.0
9480,21980.0,42.0,38305.0,6.0,28.0,7882.0
9481,28290.0,27.0,46416.0,0.0,35.0,4545.0
9483,14610.0,45.0,51773.0,1.0,38.0,3870.0
9484,7290.0,36.0,16193.0,3.0,23.0,5440.0
9489,13610.0,45.0,27434.0,0.0,34.0,4652.0
9492,13180.0,58.0,6324.0,0.0,43.0,5209.0
9493,8510.0,41.0,24139.0,2.0,46.0,6969.0
9502,20320.0,7.0,81427.0,2.0,55.0,5413.0
9506,16580.0,9.0,113356.0,0.0,47.0,1546.0
9508,18040.0,35.0,40259.0,1.0,39.0,6457.0
9511,21420.0,35.0,70460.0,0.0,55.0,2301.0
9516,6910.0,5.0,54067.0,0.0,43.0,1647.0
9522,11520.0,33.0,67399.0,0.0,32.0,2457.0
9524,5000.0,68.0,109104.0,6.0,35.0,5928.0
9525,22930.0,42.0,64049.0,0.0,48.0,3982.0
9532,20550.0,21.0,43574.0,1.0,43.0,1119.0
9537,33510.0,47.0,61352.0,4.0,47.0,4378.0
9541,9780.0,52.0,22796.0,3.0,60.0,4255.0
9551,22450.0,19.0,88981.0,0.0,38.0,1031.0
9561,31350.0,26.0,75556.0,1.0,45.0,7756.0
9562,20200.0,18.0,29567.0,7.0,54.0,7581.0
9572,10280.0,36.0,40777.0,3.0,47.0,2615.0
9574,13390.0,22.0,39720.0,4.0,43.0,4261.0
9581,8200.0,25.0,19956.0,4.0,47.0,2489.0
9584,10730.0,30.0,46254.0,1.0,46.0,3060.0
9585,14270.0,16.0,10653.0,3.0,38.0,5945.0
9586,1500.0,29.0,11802.0,5.0,47.0,693.0
9592,23050.0,46.0,68818.0,4.0,57.0,4101.0
9594,13250.0,5.0,38290.0,0.0,56.0,5846.0
9598,18620.0,21.0,113195.0,0.0,58.0,4274.0
9604,11620.0,5.0,89362.0,5.0,39.0,2017.0
9605,28330.0,28.0,60854.0,4.0,50.0,7400.0
9620,18900.0,15.0,26770.0,0.0,42.0,1946.0
9621,11300.0,50.0,31924.0,0.0,39.0,3905.0
9622,13070.0,75.0,53698.0,0.0,62.0,5064.0
9628,36360.0,14.0,7280.0,6.0,57.0,6139.0
9629,13990.0,60.0,51554.0,3.0,32.0,6040.0
9631,23780.0,35.0,101059.0,0.0,40.0,5047.0
9634,17030.0,13.0,36552.0,0.0,49.0,2497.0
9641,8450.0,17.0,44516.0,0.0,25.0,864.0
9644,6100.0,58.0,0.0,2.0,47.0,8128.0
9647,1500.0,17.0,0.0,8.0,44.0,2686.0
9651,7070.0,24.0,20717.0,0.0,35.0,3200.0
9657,16690.0,31.0,65624.0,0.0,60.0,6833.0
9665,22070.0,59.0,0.0,0.0,41.0,6022.0
9666,20750.0,78.0,46927.0,5.0,76.0,3589.0
9667,19150.0,37.0,54309.0,4.0,35.0,5728.0
9670,8020.0,24.0,29707.0,4.0,34.0,4994.0
9671,11130.0,58.0,38259.0,3.0,58.0,2658.0
9679,23650.0,40.0,30969.0,3.0,51.0,4688.0
9686,12330.0,31.0,27027.0,2.0,38.0,2888.0
9690,10240.0,23.0,27266.0,5.0,45.0,5267.0
9700,21280.0,47.0,154165.0,5.0,55.0,4857.0
9706,13810.0,31.0,63190.0,1.0,39.0,5383.0
9708,4900.0,46.0,61220.0,3.0,34.0,2610.0
9719,2340.0,30.0,68394.0,8.0,28.0,4193.0
9721,12490.0,19.0,94958.0,0.0,36.0,4840.0
9722,21170.0,15.0,70745.0,3.0,58.0,7483.0
9723,7370.0,30.0,15726.0,4.0,43.0,9742.0
9726,9040.0,47.0,22395.0,0.0,53.0,8748.0
9735,39130.0,44.0,216464.0,0.0,46.0,4493.0
9741,22740.0,21.0,70112.0,4.0,55.0,1356.0
9744,3900.0,38.0,13003.0,7.0,24.0,1089.0
9746,5100.0,58.0,0.0,3.0,36.0,4363.0
9747,5730.0,47.0,42254.0,3.0,27.0,3790.0
9749,5400.0,23.0,12876.0,7.0,39.0,4144.0
9755,30870.0,57.0,64916.0,4.0,45.0,4303.0
9757,13060.0,33.0,73551.0,4.0,42.0,2027.0
9763,14880.0,46.0,124092.0,7.0,50.0,2213.0
9775,11550.0,61.0,43482.0,5.0,57.0,1479.0
9776,24580.0,53.0,85596.0,2.0,59.0,2883.0
9781,3430.0,53.0,0.0,1.0,38.0,1005.0
9786,13900.0,11.0,0.0,9.0,29.0,6319.0
9799,22810.0,30.0,0.0,0.0,39.0,5996.0
9802,14370.0,40.0,6232.0,1.0,41.0,2102.0
9805,22610.0,26.0,41077.0,3.0,46.0,4979.0
9807,27620.0,55.0,50272.0,0.0,46.0,1102.0
9808,8850.0,49.0,43453.0,5.0,30.0,5007.0
9810,8900.0,62.0,68485.0,7.0,56.0,4167.0
9812,9640.0,28.0,34362.0,7.0,47.0,2493.0
9815,9800.0,19.0,72632.0,0.0,52.0,3780.0
9824,16030.0,5.0,107333.0,4.0,38.0,3101.0
9825,24130.0,37.0,73283.0,3.0,58.0,5313.0
9830,4270.0,51.0,11719.0,2.0,16.0,3562.0
9839,34800.0,21.0,135747.0,0.0,60.0,4859.0
9842,11490.0,11.0,22271.0,2.0,39.0,6042.0
9851,8020.0,5.0,65240.0,0.0,48.0,7619.0
9856,6620.0,33.0,0.0,1.0,47.0,2738.0
9857,14140.0,31.0,51920.0,0.0,48.0,4941.0
9860,13780.0,51.0,82813.0,0.0,40.0,1842.0
9867,9980.0,37.0,52913.0,4.0,50.0,5032.0
9868,28630.0,37.0,115100.0,9.0,44.0,2522.0
9872,20390.0,44.0,47983.0,0.0,42.0,7170.0
9876,6900.0,25.0,107009.0,0.0,54.0,5582.0
9879,18880.0,27.0,35263.0,0.0,55.0,1274.0
9885,11550.0,13.0,33422.0,13.0,48.0,1473.0
9892,23520.0,19.0,99002.0,0.0,40.0,4268.0
9894,6420.0,25.0,6038.0,0.0,44.0,1348.0
9908,7030.0,36.0,19341.0,1.0,36.0,7123.0
9911,18430.0,10.0,50159.0,3.0,46.0,4865.0
9912,7420.0,77.0,59196.0,0.0,55.0,2671.0
9913,1500.0,28.0,1249.0,1.0,59.0,3180.0
9916,5020.0,55.0,74379.0,5.0,42.0,3599.0
9920,10580.0,53.0,11233.0,4.0,41.0,3858.0
9925,17340.0,27.0,46393.0,0.0,40.0,1043.0
9928,3540.0,46.0,36343.0,3.0,32.0,6445.0
9933,6690.0,33.0,14941.0,0.0,37.0,5134.0
9940,8790.0,42.0,53008.0,1.0,41.0,3725.0
9944,6290.0,33.0,47880.0,2.0,42.0,3988.0
9952,25000.0,5.0,48292.0,0.0,34.0,2175.0
9958,6090.0,41.0,39322.0,1.0,35.0,1743.0
9959,5200.0,49.0,33236.0,4.0,37.0,5052.0
9960,10630.0,28.0,45300.0,1.0,46.0,3538.0
9967,14330.0,20.0,56313.0,7.0,72.0,3746.0
9982,4000.0,21.0,0.0,6.0,25.0,3567.0
9984,22820.0,18.0,109953.0,1.0,46.0,8047.0
9985,16430.0,19.0,41674.0,0.0,36.0,5436.0
9990,10160.0,30.0,0.0,6.0,30.0,1945.0
9992,14500.0,13.0,60965.0,4.0,69.0,2546.0
10004,7130.0,47.0,4913.0,5.0,42.0,5475.0
10007,21170.0,27.0,92234.0,1.0,48.0,2071.0
10009,12540.0,37.0,0.0,0.0,57.0,1425.0
10014,6900.0,13.0,0.0,2.0,54.0,1317.0
10026,13960.0,45.0,74578.0,5.0,50.0,6588.0
10027,18710.0,42.0,122070.0,3.0,55.0,2027.0
10035,11510.0,36.0,59053.0,3.0,41.0,1731.0
10037,8620.0,23.0,59905.0,4.0,32.0,520.0
10047,21490.0,22.0,0.0,10.0,38.0,1283.0
10053,13920.0,20.0,88236.0,2.0,36.0,2494.0
10056,5800.0,70.0,0.0,3.0,43.0,7197.0
10062,4610.0,28.0,31101.0,1.0,40.0,3321.0
10064,7000.0,25.0,12729.0,3.0,55.0,1611.0
10070,31570.0,31.0,91051.0,1.0,58.0,1307.0
10072,8860.0,60.0,105198.0,3.0,50.0,3380.0
10081,12500.0,16.0,61036.0,1.0,49.0,4654.0
10086,4190.0,5.0,26913.0,2.0,43.0,4386.0
10089,27450.0,38.0,85444.0,5.0,54.0,3501.0
10091,12790.0,41.0,62880.0,11.0,50.0,5627.0
10092,9120.0,25.0,6554.0,0.0,46.0,5805.0
10095,26750.0,17.0,86321.0,0.0,33.0,3949.0
10100,11490.0,37.0,32542.0,7.0,37.0,2105.0
10101,11890.0,42.0,31407.0,1.0,29.0,4506.0
10102,16570.0,41.0,12591.0,0.0,39.0,6097.0
10105,18780.0,5.0,30322.0,0.0,62.0,6561.0
10107,5700.0,48.0,26537.0,1.0,38.0,4863.0
10109,11100.0,39.0,24546.0,0.0,61.0,1493.0
10112,26810.0,18.0,53357.0,8.0,42.0,7506.0
10120,5200.0,33.0,0.0,0.0,37.0,1304.0
10123,5300.0,50.0,20148.0,10.0,38.0,5726.0
10135,6330.0,40.0,11303.0,0.0,37.0,1589.0
10137,16030.0,61.0,5939.0,2.0,21.0,2644.0
10146,8010.0,32.0,28329.0,0.0,33.0,5672.0
10148,7820.0,33.0,10232.0,1.0,53.0,3999.0
10149,16020.0,44.0,16897.0,4.0,62.0,8532.0
10150,9870.0,5.0,45734.0,3.0,38.0,2156.0
10151,18780.0,36.0,125753.0,3.0,47.0,2493.0
10156,10160.0,25.0,48630.0,0.0,38.0,2870.0
10160,16810.0,32.0,159399.0,0.0,53.0,4738.0
10161,4110.0,34.0,62177.0,0.0,38.0,5484.0
10163,18780.0,44.0,34637.0,0.0,46.0,5182.0
10164,25960.0,16.0,98421.0,6.0,43.0,485.0
10170,9260.0,31.0,28592.0,3.0,49.0,4753.0
10176,7330.0,51.0,57387.0,0.0,50.0,2811.0
10183,4750.0,14.0,0.0,9.0,32.0,3432.0
10190,15320.0,31.0,91221.0,0.0,47.0,3001.0
10208,6000.0,84.0,59763.0,2.0,45.0,1699.0
10211,19970.0,47.0,92251.0,4.0,44.0,4254.0
10212,13930.0,14.0,81294.0,1.0,43.0,2301.0
10214,17080.0,15.0,51103.0,6.0,37.0,4190.0
10215,11080.0,44.0,60755.0,7.0,35.0,4091.0
10217,5700.0,9.0,0.0,1.0,45.0,4858.0
10218,7950.0,38.0,19469.0,5.0,45.0,5226.0
10221,18990.0,43.0,86551.0,8.0,53.0,3613.0
10229,14670.0,42.0,52108.0,0.0,45.0,2553.0
10238,11770.0,52.0,34273.0,2.0,50.0,4778.0
10243,13420.0,53.0,16074.0,3.0,50.0,892.0
10250,20850.0,13.0,23048.0,3.0,37.0,1645.0
10251,26470.0,37.0,176849.0,0.0,56.0,7308.0
10258,17970.0,42.0,35362.0,3.0,46.0,2318.0
10260,24020.0,44.0,112264.0,5.0,47.0,3179.0
10262,34420.0,32.0,282198.0,2.0,47.0,3106.0
10264,24030.0,29.0,0.0,0.0,43.0,471.0
10269,12940.0,49.0,68360.0,7.0,46.0,3135.0
10285,1500.0,24.0,92185.0,0.0,41.0,1815.0
10287,11300.0,16.0,52966.0,5.0,45.0,2967.0
10293,32960.0,18.0,128523.0,1.0,51.0,3288.0
